id,colaborador_id,fecha_inicio,fecha_final,sueldo
SU0000001,CL0000001,2020-01-09,2020-02-08,1500
SU0000002,CL0000001,2020-02-09,2020-03-10,1500
SU0000003,CL0000001,2020-03-11,2020-04-10,1500
SU0000004,CL0000001,2020-04-11,2020-05-11,1500
SU0000005,CL0000001,2020-05-12,2020-06-11,1500
SU0000006,CL0000001,2020-06-12,2020-07-12,1500
SU0000007,CL0000001,2020-07-13,2020-08-12,1500
SU0000008,CL0000001,2020-08-13,2020-09-12,1500
SU0000009,CL0000001,2020-09-13,2020-10-13,1500
SU0000010,CL0000001,2020-10-14,2020-11-13,1500
SU0000011,CL0000001,2020-11-14,2020-12-14,1500
SU0000012,CL0000001,2020-12-15,2021-01-14,1500
SU0000013,CL0000002,2020-01-27,2020-02-26,4700
SU0000014,CL0000002,2020-02-27,2020-03-28,4700
SU0000015,CL0000002,2020-03-29,2020-04-28,4700
SU0000016,CL0000002,2020-04-29,2020-05-29,4700
SU0000017,CL0000002,2020-05-30,2020-06-29,4700
SU0000018,CL0000002,2020-06-30,2020-07-30,4700
SU0000019,CL0000002,2020-07-31,2020-08-30,4700
SU0000020,CL0000002,2020-08-31,2020-09-30,4700
SU0000021,CL0000002,2020-10-01,2020-10-31,4700
SU0000022,CL0000002,2020-11-01,2020-12-01,4700
SU0000023,CL0000002,2020-12-02,2021-01-01,4700
SU0000024,CL0000002,2021-01-02,2021-02-01,4700
SU0000025,CL0000003,2020-01-18,2020-02-17,2500
SU0000026,CL0000003,2020-02-18,2020-03-19,2500
SU0000027,CL0000003,2020-03-20,2020-04-19,2500
SU0000028,CL0000003,2020-04-20,2020-05-20,2500
SU0000029,CL0000003,2020-05-21,2020-06-20,2500
SU0000030,CL0000003,2020-06-21,2020-07-21,2500
SU0000031,CL0000003,2020-07-22,2020-08-21,2500
SU0000032,CL0000003,2020-08-22,2020-09-21,2500
SU0000033,CL0000003,2020-09-22,2020-10-22,2500
SU0000034,CL0000003,2020-10-23,2020-11-22,2500
SU0000035,CL0000003,2020-11-23,2020-12-23,2500
SU0000036,CL0000003,2020-12-24,2021-01-23,2500
SU0000037,CL0000004,2020-01-18,2020-02-17,2500
SU0000038,CL0000004,2020-02-18,2020-03-19,2500
SU0000039,CL0000004,2020-03-20,2020-04-19,2500
SU0000040,CL0000004,2020-04-20,2020-05-20,2500
SU0000041,CL0000004,2020-05-21,2020-06-20,2500
SU0000042,CL0000004,2020-06-21,2020-07-21,2500
SU0000043,CL0000004,2020-07-22,2020-08-21,2500
SU0000044,CL0000004,2020-08-22,2020-09-21,2500
SU0000045,CL0000004,2020-09-22,2020-10-22,2500
SU0000046,CL0000004,2020-10-23,2020-11-22,2500
SU0000047,CL0000004,2020-11-23,2020-12-23,2500
SU0000048,CL0000004,2020-12-24,2021-01-23,2500
SU0000049,CL0000005,2020-01-20,2020-02-19,2500
SU0000050,CL0000005,2020-02-20,2020-03-21,2500
SU0000051,CL0000005,2020-03-22,2020-04-21,2500
SU0000052,CL0000005,2020-04-22,2020-05-22,2500
SU0000053,CL0000005,2020-05-23,2020-06-22,2500
SU0000054,CL0000005,2020-06-23,2020-07-23,2500
SU0000055,CL0000005,2020-07-24,2020-08-23,2500
SU0000056,CL0000005,2020-08-24,2020-09-23,2500
SU0000057,CL0000005,2020-09-24,2020-10-24,2500
SU0000058,CL0000005,2020-10-25,2020-11-24,2500
SU0000059,CL0000005,2020-11-25,2020-12-25,2500
SU0000060,CL0000005,2020-12-26,2021-01-25,2500
SU0000061,CL0000006,2020-01-27,2020-02-26,1200
SU0000062,CL0000006,2020-02-27,2020-03-28,1200
SU0000063,CL0000006,2020-03-29,2020-04-28,1200
SU0000064,CL0000006,2020-04-29,2020-05-29,1200
SU0000065,CL0000006,2020-05-30,2020-06-29,1200
SU0000066,CL0000006,2020-06-30,2020-07-30,1200
SU0000067,CL0000006,2020-07-31,2020-08-30,1200
SU0000068,CL0000006,2020-08-31,2020-09-30,1200
SU0000069,CL0000006,2020-10-01,2020-10-31,1200
SU0000070,CL0000006,2020-11-01,2020-12-01,1200
SU0000071,CL0000006,2020-12-02,2021-01-01,1200
SU0000072,CL0000006,2021-01-02,2021-02-01,1200
SU0000073,CL0000007,2020-01-09,2020-02-08,4700
SU0000074,CL0000007,2020-02-09,2020-03-10,4700
SU0000075,CL0000007,2020-03-11,2020-04-10,4700
SU0000076,CL0000007,2020-04-11,2020-05-11,4700
SU0000077,CL0000007,2020-05-12,2020-06-11,4700
SU0000078,CL0000007,2020-06-12,2020-07-12,4700
SU0000079,CL0000007,2020-07-13,2020-08-12,4700
SU0000080,CL0000007,2020-08-13,2020-09-12,4700
SU0000081,CL0000007,2020-09-13,2020-10-13,4700
SU0000082,CL0000007,2020-10-14,2020-11-13,4700
SU0000083,CL0000007,2020-11-14,2020-12-14,4700
SU0000084,CL0000007,2020-12-15,2021-01-14,4700
SU0000085,CL0000008,2020-01-01,2020-01-31,1500
SU0000086,CL0000008,2020-02-01,2020-03-02,1500
SU0000087,CL0000008,2020-03-03,2020-04-02,1500
SU0000088,CL0000008,2020-04-03,2020-05-03,1500
SU0000089,CL0000008,2020-05-04,2020-06-03,1500
SU0000090,CL0000008,2020-06-04,2020-07-04,1500
SU0000091,CL0000008,2020-07-05,2020-08-04,1500
SU0000092,CL0000008,2020-08-05,2020-09-04,1500
SU0000093,CL0000008,2020-09-05,2020-10-05,1500
SU0000094,CL0000008,2020-10-06,2020-11-05,1500
SU0000095,CL0000008,2020-11-06,2020-12-06,1500
SU0000096,CL0000008,2020-12-07,2021-01-06,1500
SU0000097,CL0000009,2020-01-24,2020-02-23,3500
SU0000098,CL0000009,2020-02-24,2020-03-25,3500
SU0000099,CL0000009,2020-03-26,2020-04-25,3500
SU0000100,CL0000009,2020-04-26,2020-05-26,3500
SU0000101,CL0000009,2020-05-27,2020-06-26,3500
SU0000102,CL0000009,2020-06-27,2020-07-27,3500
SU0000103,CL0000009,2020-07-28,2020-08-27,3500
SU0000104,CL0000009,2020-08-28,2020-09-27,3500
SU0000105,CL0000009,2020-09-28,2020-10-28,3500
SU0000106,CL0000009,2020-10-29,2020-11-28,3500
SU0000107,CL0000009,2020-11-29,2020-12-29,3500
SU0000108,CL0000009,2020-12-30,2021-01-29,3500
SU0000109,CL0000010,2020-01-20,2020-02-19,2500
SU0000110,CL0000010,2020-02-20,2020-03-21,2500
SU0000111,CL0000010,2020-03-22,2020-04-21,2500
SU0000112,CL0000010,2020-04-22,2020-05-22,2500
SU0000113,CL0000010,2020-05-23,2020-06-22,2500
SU0000114,CL0000010,2020-06-23,2020-07-23,2500
SU0000115,CL0000010,2020-07-24,2020-08-23,2500
SU0000116,CL0000010,2020-08-24,2020-09-23,2500
SU0000117,CL0000010,2020-09-24,2020-10-24,2500
SU0000118,CL0000010,2020-10-25,2020-11-24,2500
SU0000119,CL0000010,2020-11-25,2020-12-25,2500
SU0000120,CL0000010,2020-12-26,2021-01-25,2500
SU0000121,CL0000011,2020-01-04,2020-02-03,2500
SU0000122,CL0000011,2020-02-04,2020-03-05,2500
SU0000123,CL0000011,2020-03-06,2020-04-05,2500
SU0000124,CL0000011,2020-04-06,2020-05-06,2500
SU0000125,CL0000011,2020-05-07,2020-06-06,2500
SU0000126,CL0000011,2020-06-07,2020-07-07,2500
SU0000127,CL0000011,2020-07-08,2020-08-07,2500
SU0000128,CL0000011,2020-08-08,2020-09-07,2500
SU0000129,CL0000011,2020-09-08,2020-10-08,2500
SU0000130,CL0000011,2020-10-09,2020-11-08,2500
SU0000131,CL0000011,2020-11-09,2020-12-09,2500
SU0000132,CL0000011,2020-12-10,2021-01-09,2500
SU0000133,CL0000012,2020-01-29,2020-02-28,4700
SU0000134,CL0000012,2020-02-29,2020-03-30,4700
SU0000135,CL0000012,2020-03-31,2020-04-30,4700
SU0000136,CL0000012,2020-05-01,2020-05-31,4700
SU0000137,CL0000012,2020-06-01,2020-07-01,4700
SU0000138,CL0000012,2020-07-02,2020-08-01,4700
SU0000139,CL0000012,2020-08-02,2020-09-01,4700
SU0000140,CL0000012,2020-09-02,2020-10-02,4700
SU0000141,CL0000012,2020-10-03,2020-11-02,4700
SU0000142,CL0000012,2020-11-03,2020-12-03,4700
SU0000143,CL0000012,2020-12-04,2021-01-03,4700
SU0000144,CL0000012,2021-01-04,2021-02-03,4700
SU0000145,CL0000013,2020-01-27,2020-02-26,1200
SU0000146,CL0000013,2020-02-27,2020-03-28,1200
SU0000147,CL0000013,2020-03-29,2020-04-28,1200
SU0000148,CL0000013,2020-04-29,2020-05-29,1200
SU0000149,CL0000013,2020-05-30,2020-06-29,1200
SU0000150,CL0000013,2020-06-30,2020-07-30,1200
SU0000151,CL0000013,2020-07-31,2020-08-30,1200
SU0000152,CL0000013,2020-08-31,2020-09-30,1200
SU0000153,CL0000013,2020-10-01,2020-10-31,1200
SU0000154,CL0000013,2020-11-01,2020-12-01,1200
SU0000155,CL0000013,2020-12-02,2021-01-01,1200
SU0000156,CL0000013,2021-01-02,2021-02-01,1200
SU0000157,CL0000014,2020-01-22,2020-02-21,4700
SU0000158,CL0000014,2020-02-22,2020-03-23,4700
SU0000159,CL0000014,2020-03-24,2020-04-23,4700
SU0000160,CL0000014,2020-04-24,2020-05-24,4700
SU0000161,CL0000014,2020-05-25,2020-06-24,4700
SU0000162,CL0000014,2020-06-25,2020-07-25,4700
SU0000163,CL0000014,2020-07-26,2020-08-25,4700
SU0000164,CL0000014,2020-08-26,2020-09-25,4700
SU0000165,CL0000014,2020-09-26,2020-10-26,4700
SU0000166,CL0000014,2020-10-27,2020-11-26,4700
SU0000167,CL0000014,2020-11-27,2020-12-27,4700
SU0000168,CL0000014,2020-12-28,2021-01-27,4700
SU0000169,CL0000015,2020-01-20,2020-02-19,2500
SU0000170,CL0000015,2020-02-20,2020-03-21,2500
SU0000171,CL0000015,2020-03-22,2020-04-21,2500
SU0000172,CL0000015,2020-04-22,2020-05-22,2500
SU0000173,CL0000015,2020-05-23,2020-06-22,2500
SU0000174,CL0000015,2020-06-23,2020-07-23,2500
SU0000175,CL0000015,2020-07-24,2020-08-23,2500
SU0000176,CL0000015,2020-08-24,2020-09-23,2500
SU0000177,CL0000015,2020-09-24,2020-10-24,2500
SU0000178,CL0000015,2020-10-25,2020-11-24,2500
SU0000179,CL0000015,2020-11-25,2020-12-25,2500
SU0000180,CL0000015,2020-12-26,2021-01-25,2500
SU0000181,CL0000016,2020-01-05,2020-02-04,3500
SU0000182,CL0000016,2020-02-05,2020-03-06,3500
SU0000183,CL0000016,2020-03-07,2020-04-06,3500
SU0000184,CL0000016,2020-04-07,2020-05-07,3500
SU0000185,CL0000016,2020-05-08,2020-06-07,3500
SU0000186,CL0000016,2020-06-08,2020-07-08,3500
SU0000187,CL0000016,2020-07-09,2020-08-08,3500
SU0000188,CL0000016,2020-08-09,2020-09-08,3500
SU0000189,CL0000016,2020-09-09,2020-10-09,3500
SU0000190,CL0000016,2020-10-10,2020-11-09,3500
SU0000191,CL0000016,2020-11-10,2020-12-10,3500
SU0000192,CL0000016,2020-12-11,2021-01-10,3500
SU0000193,CL0000017,2020-01-02,2020-02-01,4700
SU0000194,CL0000017,2020-02-02,2020-03-03,4700
SU0000195,CL0000017,2020-03-04,2020-04-03,4700
SU0000196,CL0000017,2020-04-04,2020-05-04,4700
SU0000197,CL0000017,2020-05-05,2020-06-04,4700
SU0000198,CL0000017,2020-06-05,2020-07-05,4700
SU0000199,CL0000017,2020-07-06,2020-08-05,4700
SU0000200,CL0000017,2020-08-06,2020-09-05,4700
SU0000201,CL0000017,2020-09-06,2020-10-06,4700
SU0000202,CL0000017,2020-10-07,2020-11-06,4700
SU0000203,CL0000017,2020-11-07,2020-12-07,4700
SU0000204,CL0000017,2020-12-08,2021-01-07,4700
SU0000205,CL0000018,2020-01-10,2020-02-09,4700
SU0000206,CL0000018,2020-02-10,2020-03-11,4700
SU0000207,CL0000018,2020-03-12,2020-04-11,4700
SU0000208,CL0000018,2020-04-12,2020-05-12,4700
SU0000209,CL0000018,2020-05-13,2020-06-12,4700
SU0000210,CL0000018,2020-06-13,2020-07-13,4700
SU0000211,CL0000018,2020-07-14,2020-08-13,4700
SU0000212,CL0000018,2020-08-14,2020-09-13,4700
SU0000213,CL0000018,2020-09-14,2020-10-14,4700
SU0000214,CL0000018,2020-10-15,2020-11-14,4700
SU0000215,CL0000018,2020-11-15,2020-12-15,4700
SU0000216,CL0000018,2020-12-16,2021-01-15,4700
SU0000217,CL0000019,2020-01-24,2020-02-23,1500
SU0000218,CL0000019,2020-02-24,2020-03-25,1500
SU0000219,CL0000019,2020-03-26,2020-04-25,1500
SU0000220,CL0000019,2020-04-26,2020-05-26,1500
SU0000221,CL0000019,2020-05-27,2020-06-26,1500
SU0000222,CL0000019,2020-06-27,2020-07-27,1500
SU0000223,CL0000019,2020-07-28,2020-08-27,1500
SU0000224,CL0000019,2020-08-28,2020-09-27,1500
SU0000225,CL0000019,2020-09-28,2020-10-28,1500
SU0000226,CL0000019,2020-10-29,2020-11-28,1500
SU0000227,CL0000019,2020-11-29,2020-12-29,1500
SU0000228,CL0000019,2020-12-30,2021-01-29,1500
SU0000229,CL0000020,2020-01-01,2020-01-31,3500
SU0000230,CL0000020,2020-02-01,2020-03-02,3500
SU0000231,CL0000020,2020-03-03,2020-04-02,3500
SU0000232,CL0000020,2020-04-03,2020-05-03,3500
SU0000233,CL0000020,2020-05-04,2020-06-03,3500
SU0000234,CL0000020,2020-06-04,2020-07-04,3500
SU0000235,CL0000020,2020-07-05,2020-08-04,3500
SU0000236,CL0000020,2020-08-05,2020-09-04,3500
SU0000237,CL0000020,2020-09-05,2020-10-05,3500
SU0000238,CL0000020,2020-10-06,2020-11-05,3500
SU0000239,CL0000020,2020-11-06,2020-12-06,3500
SU0000240,CL0000020,2020-12-07,2021-01-06,3500
SU0000241,CL0000021,2020-01-09,2020-02-08,1800
SU0000242,CL0000021,2020-02-09,2020-03-10,1800
SU0000243,CL0000021,2020-03-11,2020-04-10,1800
SU0000244,CL0000021,2020-04-11,2020-05-11,1800
SU0000245,CL0000021,2020-05-12,2020-06-11,1800
SU0000246,CL0000021,2020-06-12,2020-07-12,1800
SU0000247,CL0000021,2020-07-13,2020-08-12,1800
SU0000248,CL0000021,2020-08-13,2020-09-12,1800
SU0000249,CL0000021,2020-09-13,2020-10-13,1800
SU0000250,CL0000021,2020-10-14,2020-11-13,1800
SU0000251,CL0000021,2020-11-14,2020-12-14,1800
SU0000252,CL0000021,2020-12-15,2021-01-14,1800
SU0000253,CL0000022,2020-01-12,2020-02-11,600
SU0000254,CL0000022,2020-02-12,2020-03-13,600
SU0000255,CL0000022,2020-03-14,2020-04-13,600
SU0000256,CL0000022,2020-04-14,2020-05-14,600
SU0000257,CL0000022,2020-05-15,2020-06-14,600
SU0000258,CL0000022,2020-06-15,2020-07-15,600
SU0000259,CL0000022,2020-07-16,2020-08-15,600
SU0000260,CL0000022,2020-08-16,2020-09-15,600
SU0000261,CL0000022,2020-09-16,2020-10-16,600
SU0000262,CL0000022,2020-10-17,2020-11-16,600
SU0000263,CL0000022,2020-11-17,2020-12-17,600
SU0000264,CL0000022,2020-12-18,2021-01-17,600
SU0000265,CL0000023,2020-01-06,2020-02-05,1800
SU0000266,CL0000023,2020-02-06,2020-03-07,1800
SU0000267,CL0000023,2020-03-08,2020-04-07,1800
SU0000268,CL0000023,2020-04-08,2020-05-08,1800
SU0000269,CL0000023,2020-05-09,2020-06-08,1800
SU0000270,CL0000023,2020-06-09,2020-07-09,1800
SU0000271,CL0000023,2020-07-10,2020-08-09,1800
SU0000272,CL0000023,2020-08-10,2020-09-09,1800
SU0000273,CL0000023,2020-09-10,2020-10-10,1800
SU0000274,CL0000023,2020-10-11,2020-11-10,1800
SU0000275,CL0000023,2020-11-11,2020-12-11,1800
SU0000276,CL0000023,2020-12-12,2021-01-11,1800
SU0000277,CL0000024,2020-01-07,2020-02-06,2200
SU0000278,CL0000024,2020-02-07,2020-03-08,2200
SU0000279,CL0000024,2020-03-09,2020-04-08,2200
SU0000280,CL0000024,2020-04-09,2020-05-09,2200
SU0000281,CL0000024,2020-05-10,2020-06-09,2200
SU0000282,CL0000024,2020-06-10,2020-07-10,2200
SU0000283,CL0000024,2020-07-11,2020-08-10,2200
SU0000284,CL0000024,2020-08-11,2020-09-10,2200
SU0000285,CL0000024,2020-09-11,2020-10-11,2200
SU0000286,CL0000024,2020-10-12,2020-11-11,2200
SU0000287,CL0000024,2020-11-12,2020-12-12,2200
SU0000288,CL0000024,2020-12-13,2021-01-12,2200
SU0000289,CL0000025,2020-01-27,2020-02-26,600
SU0000290,CL0000025,2020-02-27,2020-03-28,600
SU0000291,CL0000025,2020-03-29,2020-04-28,600
SU0000292,CL0000025,2020-04-29,2020-05-29,600
SU0000293,CL0000025,2020-05-30,2020-06-29,600
SU0000294,CL0000025,2020-06-30,2020-07-30,600
SU0000295,CL0000025,2020-07-31,2020-08-30,600
SU0000296,CL0000025,2020-08-31,2020-09-30,600
SU0000297,CL0000025,2020-10-01,2020-10-31,600
SU0000298,CL0000025,2020-11-01,2020-12-01,600
SU0000299,CL0000025,2020-12-02,2021-01-01,600
SU0000300,CL0000025,2021-01-02,2021-02-01,600
SU0000301,CL0000026,2020-01-06,2020-02-05,4700
SU0000302,CL0000026,2020-02-06,2020-03-07,4700
SU0000303,CL0000026,2020-03-08,2020-04-07,4700
SU0000304,CL0000026,2020-04-08,2020-05-08,4700
SU0000305,CL0000026,2020-05-09,2020-06-08,4700
SU0000306,CL0000026,2020-06-09,2020-07-09,4700
SU0000307,CL0000026,2020-07-10,2020-08-09,4700
SU0000308,CL0000026,2020-08-10,2020-09-09,4700
SU0000309,CL0000026,2020-09-10,2020-10-10,4700
SU0000310,CL0000026,2020-10-11,2020-11-10,4700
SU0000311,CL0000026,2020-11-11,2020-12-11,4700
SU0000312,CL0000026,2020-12-12,2021-01-11,4700
SU0000313,CL0000027,2020-01-21,2020-02-20,1200
SU0000314,CL0000027,2020-02-21,2020-03-22,1200
SU0000315,CL0000027,2020-03-23,2020-04-22,1200
SU0000316,CL0000027,2020-04-23,2020-05-23,1200
SU0000317,CL0000027,2020-05-24,2020-06-23,1200
SU0000318,CL0000027,2020-06-24,2020-07-24,1200
SU0000319,CL0000027,2020-07-25,2020-08-24,1200
SU0000320,CL0000027,2020-08-25,2020-09-24,1200
SU0000321,CL0000027,2020-09-25,2020-10-25,1200
SU0000322,CL0000027,2020-10-26,2020-11-25,1200
SU0000323,CL0000027,2020-11-26,2020-12-26,1200
SU0000324,CL0000027,2020-12-27,2021-01-26,1200
SU0000325,CL0000028,2020-01-17,2020-02-16,4700
SU0000326,CL0000028,2020-02-17,2020-03-18,4700
SU0000327,CL0000028,2020-03-19,2020-04-18,4700
SU0000328,CL0000028,2020-04-19,2020-05-19,4700
SU0000329,CL0000028,2020-05-20,2020-06-19,4700
SU0000330,CL0000028,2020-06-20,2020-07-20,4700
SU0000331,CL0000028,2020-07-21,2020-08-20,4700
SU0000332,CL0000028,2020-08-21,2020-09-20,4700
SU0000333,CL0000028,2020-09-21,2020-10-21,4700
SU0000334,CL0000028,2020-10-22,2020-11-21,4700
SU0000335,CL0000028,2020-11-22,2020-12-22,4700
SU0000336,CL0000028,2020-12-23,2021-01-22,4700
SU0000337,CL0000029,2020-01-18,2020-02-17,3500
SU0000338,CL0000029,2020-02-18,2020-03-19,3500
SU0000339,CL0000029,2020-03-20,2020-04-19,3500
SU0000340,CL0000029,2020-04-20,2020-05-20,3500
SU0000341,CL0000029,2020-05-21,2020-06-20,3500
SU0000342,CL0000029,2020-06-21,2020-07-21,3500
SU0000343,CL0000029,2020-07-22,2020-08-21,3500
SU0000344,CL0000029,2020-08-22,2020-09-21,3500
SU0000345,CL0000029,2020-09-22,2020-10-22,3500
SU0000346,CL0000029,2020-10-23,2020-11-22,3500
SU0000347,CL0000029,2020-11-23,2020-12-23,3500
SU0000348,CL0000029,2020-12-24,2021-01-23,3500
SU0000349,CL0000030,2020-01-24,2020-02-23,2500
SU0000350,CL0000030,2020-02-24,2020-03-25,2500
SU0000351,CL0000030,2020-03-26,2020-04-25,2500
SU0000352,CL0000030,2020-04-26,2020-05-26,2500
SU0000353,CL0000030,2020-05-27,2020-06-26,2500
SU0000354,CL0000030,2020-06-27,2020-07-27,2500
SU0000355,CL0000030,2020-07-28,2020-08-27,2500
SU0000356,CL0000030,2020-08-28,2020-09-27,2500
SU0000357,CL0000030,2020-09-28,2020-10-28,2500
SU0000358,CL0000030,2020-10-29,2020-11-28,2500
SU0000359,CL0000030,2020-11-29,2020-12-29,2500
SU0000360,CL0000030,2020-12-30,2021-01-29,2500
SU0000361,CL0000031,2020-01-10,2020-02-09,2200
SU0000362,CL0000031,2020-02-10,2020-03-11,2200
SU0000363,CL0000031,2020-03-12,2020-04-11,2200
SU0000364,CL0000031,2020-04-12,2020-05-12,2200
SU0000365,CL0000031,2020-05-13,2020-06-12,2200
SU0000366,CL0000031,2020-06-13,2020-07-13,2200
SU0000367,CL0000031,2020-07-14,2020-08-13,2200
SU0000368,CL0000031,2020-08-14,2020-09-13,2200
SU0000369,CL0000031,2020-09-14,2020-10-14,2200
SU0000370,CL0000031,2020-10-15,2020-11-14,2200
SU0000371,CL0000031,2020-11-15,2020-12-15,2200
SU0000372,CL0000031,2020-12-16,2021-01-15,2200
SU0000373,CL0000032,2020-01-23,2020-02-22,3500
SU0000374,CL0000032,2020-02-23,2020-03-24,3500
SU0000375,CL0000032,2020-03-25,2020-04-24,3500
SU0000376,CL0000032,2020-04-25,2020-05-25,3500
SU0000377,CL0000032,2020-05-26,2020-06-25,3500
SU0000378,CL0000032,2020-06-26,2020-07-26,3500
SU0000379,CL0000032,2020-07-27,2020-08-26,3500
SU0000380,CL0000032,2020-08-27,2020-09-26,3500
SU0000381,CL0000032,2020-09-27,2020-10-27,3500
SU0000382,CL0000032,2020-10-28,2020-11-27,3500
SU0000383,CL0000032,2020-11-28,2020-12-28,3500
SU0000384,CL0000032,2020-12-29,2021-01-28,3500
SU0000385,CL0000033,2020-01-09,2020-02-08,600
SU0000386,CL0000033,2020-02-09,2020-03-10,600
SU0000387,CL0000033,2020-03-11,2020-04-10,600
SU0000388,CL0000033,2020-04-11,2020-05-11,600
SU0000389,CL0000033,2020-05-12,2020-06-11,600
SU0000390,CL0000033,2020-06-12,2020-07-12,600
SU0000391,CL0000033,2020-07-13,2020-08-12,600
SU0000392,CL0000033,2020-08-13,2020-09-12,600
SU0000393,CL0000033,2020-09-13,2020-10-13,600
SU0000394,CL0000033,2020-10-14,2020-11-13,600
SU0000395,CL0000033,2020-11-14,2020-12-14,600
SU0000396,CL0000033,2020-12-15,2021-01-14,600
SU0000397,CL0000034,2020-01-09,2020-02-08,1800
SU0000398,CL0000034,2020-02-09,2020-03-10,1800
SU0000399,CL0000034,2020-03-11,2020-04-10,1800
SU0000400,CL0000034,2020-04-11,2020-05-11,1800
SU0000401,CL0000034,2020-05-12,2020-06-11,1800
SU0000402,CL0000034,2020-06-12,2020-07-12,1800
SU0000403,CL0000034,2020-07-13,2020-08-12,1800
SU0000404,CL0000034,2020-08-13,2020-09-12,1800
SU0000405,CL0000034,2020-09-13,2020-10-13,1800
SU0000406,CL0000034,2020-10-14,2020-11-13,1800
SU0000407,CL0000034,2020-11-14,2020-12-14,1800
SU0000408,CL0000034,2020-12-15,2021-01-14,1800
SU0000409,CL0000035,2020-01-04,2020-02-03,3500
SU0000410,CL0000035,2020-02-04,2020-03-05,3500
SU0000411,CL0000035,2020-03-06,2020-04-05,3500
SU0000412,CL0000035,2020-04-06,2020-05-06,3500
SU0000413,CL0000035,2020-05-07,2020-06-06,3500
SU0000414,CL0000035,2020-06-07,2020-07-07,3500
SU0000415,CL0000035,2020-07-08,2020-08-07,3500
SU0000416,CL0000035,2020-08-08,2020-09-07,3500
SU0000417,CL0000035,2020-09-08,2020-10-08,3500
SU0000418,CL0000035,2020-10-09,2020-11-08,3500
SU0000419,CL0000035,2020-11-09,2020-12-09,3500
SU0000420,CL0000035,2020-12-10,2021-01-09,3500
SU0000421,CL0000036,2020-01-12,2020-02-11,1500
SU0000422,CL0000036,2020-02-12,2020-03-13,1500
SU0000423,CL0000036,2020-03-14,2020-04-13,1500
SU0000424,CL0000036,2020-04-14,2020-05-14,1500
SU0000425,CL0000036,2020-05-15,2020-06-14,1500
SU0000426,CL0000036,2020-06-15,2020-07-15,1500
SU0000427,CL0000036,2020-07-16,2020-08-15,1500
SU0000428,CL0000036,2020-08-16,2020-09-15,1500
SU0000429,CL0000036,2020-09-16,2020-10-16,1500
SU0000430,CL0000036,2020-10-17,2020-11-16,1500
SU0000431,CL0000036,2020-11-17,2020-12-17,1500
SU0000432,CL0000036,2020-12-18,2021-01-17,1500
SU0000433,CL0000037,2020-01-17,2020-02-16,1800
SU0000434,CL0000037,2020-02-17,2020-03-18,1800
SU0000435,CL0000037,2020-03-19,2020-04-18,1800
SU0000436,CL0000037,2020-04-19,2020-05-19,1800
SU0000437,CL0000037,2020-05-20,2020-06-19,1800
SU0000438,CL0000037,2020-06-20,2020-07-20,1800
SU0000439,CL0000037,2020-07-21,2020-08-20,1800
SU0000440,CL0000037,2020-08-21,2020-09-20,1800
SU0000441,CL0000037,2020-09-21,2020-10-21,1800
SU0000442,CL0000037,2020-10-22,2020-11-21,1800
SU0000443,CL0000037,2020-11-22,2020-12-22,1800
SU0000444,CL0000037,2020-12-23,2021-01-22,1800
SU0000445,CL0000038,2020-01-22,2020-02-21,3500
SU0000446,CL0000038,2020-02-22,2020-03-23,3500
SU0000447,CL0000038,2020-03-24,2020-04-23,3500
SU0000448,CL0000038,2020-04-24,2020-05-24,3500
SU0000449,CL0000038,2020-05-25,2020-06-24,3500
SU0000450,CL0000038,2020-06-25,2020-07-25,3500
SU0000451,CL0000038,2020-07-26,2020-08-25,3500
SU0000452,CL0000038,2020-08-26,2020-09-25,3500
SU0000453,CL0000038,2020-09-26,2020-10-26,3500
SU0000454,CL0000038,2020-10-27,2020-11-26,3500
SU0000455,CL0000038,2020-11-27,2020-12-27,3500
SU0000456,CL0000038,2020-12-28,2021-01-27,3500
SU0000457,CL0000039,2020-01-27,2020-02-26,600
SU0000458,CL0000039,2020-02-27,2020-03-28,600
SU0000459,CL0000039,2020-03-29,2020-04-28,600
SU0000460,CL0000039,2020-04-29,2020-05-29,600
SU0000461,CL0000039,2020-05-30,2020-06-29,600
SU0000462,CL0000039,2020-06-30,2020-07-30,600
SU0000463,CL0000039,2020-07-31,2020-08-30,600
SU0000464,CL0000039,2020-08-31,2020-09-30,600
SU0000465,CL0000039,2020-10-01,2020-10-31,600
SU0000466,CL0000039,2020-11-01,2020-12-01,600
SU0000467,CL0000039,2020-12-02,2021-01-01,600
SU0000468,CL0000039,2021-01-02,2021-02-01,600
SU0000469,CL0000040,2020-01-13,2020-02-12,4700
SU0000470,CL0000040,2020-02-13,2020-03-14,4700
SU0000471,CL0000040,2020-03-15,2020-04-14,4700
SU0000472,CL0000040,2020-04-15,2020-05-15,4700
SU0000473,CL0000040,2020-05-16,2020-06-15,4700
SU0000474,CL0000040,2020-06-16,2020-07-16,4700
SU0000475,CL0000040,2020-07-17,2020-08-16,4700
SU0000476,CL0000040,2020-08-17,2020-09-16,4700
SU0000477,CL0000040,2020-09-17,2020-10-17,4700
SU0000478,CL0000040,2020-10-18,2020-11-17,4700
SU0000479,CL0000040,2020-11-18,2020-12-18,4700
SU0000480,CL0000040,2020-12-19,2021-01-18,4700
SU0000481,CL0000041,2020-01-27,2020-02-26,1500
SU0000482,CL0000041,2020-02-27,2020-03-28,1500
SU0000483,CL0000041,2020-03-29,2020-04-28,1500
SU0000484,CL0000041,2020-04-29,2020-05-29,1500
SU0000485,CL0000041,2020-05-30,2020-06-29,1500
SU0000486,CL0000041,2020-06-30,2020-07-30,1500
SU0000487,CL0000041,2020-07-31,2020-08-30,1500
SU0000488,CL0000041,2020-08-31,2020-09-30,1500
SU0000489,CL0000041,2020-10-01,2020-10-31,1500
SU0000490,CL0000041,2020-11-01,2020-12-01,1500
SU0000491,CL0000041,2020-12-02,2021-01-01,1500
SU0000492,CL0000041,2021-01-02,2021-02-01,1500
SU0000493,CL0000042,2020-01-28,2020-02-27,1500
SU0000494,CL0000042,2020-02-28,2020-03-29,1500
SU0000495,CL0000042,2020-03-30,2020-04-29,1500
SU0000496,CL0000042,2020-04-30,2020-05-30,1500
SU0000497,CL0000042,2020-05-31,2020-06-30,1500
SU0000498,CL0000042,2020-07-01,2020-07-31,1500
SU0000499,CL0000042,2020-08-01,2020-08-31,1500
SU0000500,CL0000042,2020-09-01,2020-10-01,1500
SU0000501,CL0000042,2020-10-02,2020-11-01,1500
SU0000502,CL0000042,2020-11-02,2020-12-02,1500
SU0000503,CL0000042,2020-12-03,2021-01-02,1500
SU0000504,CL0000042,2021-01-03,2021-02-02,1500
SU0000505,CL0000043,2020-01-08,2020-02-07,3500
SU0000506,CL0000043,2020-02-08,2020-03-09,3500
SU0000507,CL0000043,2020-03-10,2020-04-09,3500
SU0000508,CL0000043,2020-04-10,2020-05-10,3500
SU0000509,CL0000043,2020-05-11,2020-06-10,3500
SU0000510,CL0000043,2020-06-11,2020-07-11,3500
SU0000511,CL0000043,2020-07-12,2020-08-11,3500
SU0000512,CL0000043,2020-08-12,2020-09-11,3500
SU0000513,CL0000043,2020-09-12,2020-10-12,3500
SU0000514,CL0000043,2020-10-13,2020-11-12,3500
SU0000515,CL0000043,2020-11-13,2020-12-13,3500
SU0000516,CL0000043,2020-12-14,2021-01-13,3500
SU0000517,CL0000044,2020-01-23,2020-02-22,4700
SU0000518,CL0000044,2020-02-23,2020-03-24,4700
SU0000519,CL0000044,2020-03-25,2020-04-24,4700
SU0000520,CL0000044,2020-04-25,2020-05-25,4700
SU0000521,CL0000044,2020-05-26,2020-06-25,4700
SU0000522,CL0000044,2020-06-26,2020-07-26,4700
SU0000523,CL0000044,2020-07-27,2020-08-26,4700
SU0000524,CL0000044,2020-08-27,2020-09-26,4700
SU0000525,CL0000044,2020-09-27,2020-10-27,4700
SU0000526,CL0000044,2020-10-28,2020-11-27,4700
SU0000527,CL0000044,2020-11-28,2020-12-28,4700
SU0000528,CL0000044,2020-12-29,2021-01-28,4700
SU0000529,CL0000045,2020-01-23,2020-02-22,1500
SU0000530,CL0000045,2020-02-23,2020-03-24,1500
SU0000531,CL0000045,2020-03-25,2020-04-24,1500
SU0000532,CL0000045,2020-04-25,2020-05-25,1500
SU0000533,CL0000045,2020-05-26,2020-06-25,1500
SU0000534,CL0000045,2020-06-26,2020-07-26,1500
SU0000535,CL0000045,2020-07-27,2020-08-26,1500
SU0000536,CL0000045,2020-08-27,2020-09-26,1500
SU0000537,CL0000045,2020-09-27,2020-10-27,1500
SU0000538,CL0000045,2020-10-28,2020-11-27,1500
SU0000539,CL0000045,2020-11-28,2020-12-28,1500
SU0000540,CL0000045,2020-12-29,2021-01-28,1500
SU0000541,CL0000046,2020-01-19,2020-02-18,1800
SU0000542,CL0000046,2020-02-19,2020-03-20,1800
SU0000543,CL0000046,2020-03-21,2020-04-20,1800
SU0000544,CL0000046,2020-04-21,2020-05-21,1800
SU0000545,CL0000046,2020-05-22,2020-06-21,1800
SU0000546,CL0000046,2020-06-22,2020-07-22,1800
SU0000547,CL0000046,2020-07-23,2020-08-22,1800
SU0000548,CL0000046,2020-08-23,2020-09-22,1800
SU0000549,CL0000046,2020-09-23,2020-10-23,1800
SU0000550,CL0000046,2020-10-24,2020-11-23,1800
SU0000551,CL0000046,2020-11-24,2020-12-24,1800
SU0000552,CL0000046,2020-12-25,2021-01-24,1800
SU0000553,CL0000047,2020-01-14,2020-02-13,4700
SU0000554,CL0000047,2020-02-14,2020-03-15,4700
SU0000555,CL0000047,2020-03-16,2020-04-15,4700
SU0000556,CL0000047,2020-04-16,2020-05-16,4700
SU0000557,CL0000047,2020-05-17,2020-06-16,4700
SU0000558,CL0000047,2020-06-17,2020-07-17,4700
SU0000559,CL0000047,2020-07-18,2020-08-17,4700
SU0000560,CL0000047,2020-08-18,2020-09-17,4700
SU0000561,CL0000047,2020-09-18,2020-10-18,4700
SU0000562,CL0000047,2020-10-19,2020-11-18,4700
SU0000563,CL0000047,2020-11-19,2020-12-19,4700
SU0000564,CL0000047,2020-12-20,2021-01-19,4700
SU0000565,CL0000048,2020-01-26,2020-02-25,2200
SU0000566,CL0000048,2020-02-26,2020-03-27,2200
SU0000567,CL0000048,2020-03-28,2020-04-27,2200
SU0000568,CL0000048,2020-04-28,2020-05-28,2200
SU0000569,CL0000048,2020-05-29,2020-06-28,2200
SU0000570,CL0000048,2020-06-29,2020-07-29,2200
SU0000571,CL0000048,2020-07-30,2020-08-29,2200
SU0000572,CL0000048,2020-08-30,2020-09-29,2200
SU0000573,CL0000048,2020-09-30,2020-10-30,2200
SU0000574,CL0000048,2020-10-31,2020-11-30,2200
SU0000575,CL0000048,2020-12-01,2020-12-31,2200
SU0000576,CL0000048,2021-01-01,2021-01-31,2200
SU0000577,CL0000049,2020-01-31,2020-03-01,4700
SU0000578,CL0000049,2020-03-02,2020-04-01,4700
SU0000579,CL0000049,2020-04-02,2020-05-02,4700
SU0000580,CL0000049,2020-05-03,2020-06-02,4700
SU0000581,CL0000049,2020-06-03,2020-07-03,4700
SU0000582,CL0000049,2020-07-04,2020-08-03,4700
SU0000583,CL0000049,2020-08-04,2020-09-03,4700
SU0000584,CL0000049,2020-09-04,2020-10-04,4700
SU0000585,CL0000049,2020-10-05,2020-11-04,4700
SU0000586,CL0000049,2020-11-05,2020-12-05,4700
SU0000587,CL0000049,2020-12-06,2021-01-05,4700
SU0000588,CL0000049,2021-01-06,2021-02-05,4700
SU0000589,CL0000050,2020-01-21,2020-02-20,2500
SU0000590,CL0000050,2020-02-21,2020-03-22,2500
SU0000591,CL0000050,2020-03-23,2020-04-22,2500
SU0000592,CL0000050,2020-04-23,2020-05-23,2500
SU0000593,CL0000050,2020-05-24,2020-06-23,2500
SU0000594,CL0000050,2020-06-24,2020-07-24,2500
SU0000595,CL0000050,2020-07-25,2020-08-24,2500
SU0000596,CL0000050,2020-08-25,2020-09-24,2500
SU0000597,CL0000050,2020-09-25,2020-10-25,2500
SU0000598,CL0000050,2020-10-26,2020-11-25,2500
SU0000599,CL0000050,2020-11-26,2020-12-26,2500
SU0000600,CL0000050,2020-12-27,2021-01-26,2500
SU0000601,CL0000051,2020-01-16,2020-02-15,3500
SU0000602,CL0000051,2020-02-16,2020-03-17,3500
SU0000603,CL0000051,2020-03-18,2020-04-17,3500
SU0000604,CL0000051,2020-04-18,2020-05-18,3500
SU0000605,CL0000051,2020-05-19,2020-06-18,3500
SU0000606,CL0000051,2020-06-19,2020-07-19,3500
SU0000607,CL0000051,2020-07-20,2020-08-19,3500
SU0000608,CL0000051,2020-08-20,2020-09-19,3500
SU0000609,CL0000051,2020-09-20,2020-10-20,3500
SU0000610,CL0000051,2020-10-21,2020-11-20,3500
SU0000611,CL0000051,2020-11-21,2020-12-21,3500
SU0000612,CL0000051,2020-12-22,2021-01-21,3500
SU0000613,CL0000052,2020-01-08,2020-02-07,1800
SU0000614,CL0000052,2020-02-08,2020-03-09,1800
SU0000615,CL0000052,2020-03-10,2020-04-09,1800
SU0000616,CL0000052,2020-04-10,2020-05-10,1800
SU0000617,CL0000052,2020-05-11,2020-06-10,1800
SU0000618,CL0000052,2020-06-11,2020-07-11,1800
SU0000619,CL0000052,2020-07-12,2020-08-11,1800
SU0000620,CL0000052,2020-08-12,2020-09-11,1800
SU0000621,CL0000052,2020-09-12,2020-10-12,1800
SU0000622,CL0000052,2020-10-13,2020-11-12,1800
SU0000623,CL0000052,2020-11-13,2020-12-13,1800
SU0000624,CL0000052,2020-12-14,2021-01-13,1800
SU0000625,CL0000053,2020-01-24,2020-02-23,2200
SU0000626,CL0000053,2020-02-24,2020-03-25,2200
SU0000627,CL0000053,2020-03-26,2020-04-25,2200
SU0000628,CL0000053,2020-04-26,2020-05-26,2200
SU0000629,CL0000053,2020-05-27,2020-06-26,2200
SU0000630,CL0000053,2020-06-27,2020-07-27,2200
SU0000631,CL0000053,2020-07-28,2020-08-27,2200
SU0000632,CL0000053,2020-08-28,2020-09-27,2200
SU0000633,CL0000053,2020-09-28,2020-10-28,2200
SU0000634,CL0000053,2020-10-29,2020-11-28,2200
SU0000635,CL0000053,2020-11-29,2020-12-29,2200
SU0000636,CL0000053,2020-12-30,2021-01-29,2200
SU0000637,CL0000054,2020-01-01,2020-01-31,1800
SU0000638,CL0000054,2020-02-01,2020-03-02,1800
SU0000639,CL0000054,2020-03-03,2020-04-02,1800
SU0000640,CL0000054,2020-04-03,2020-05-03,1800
SU0000641,CL0000054,2020-05-04,2020-06-03,1800
SU0000642,CL0000054,2020-06-04,2020-07-04,1800
SU0000643,CL0000054,2020-07-05,2020-08-04,1800
SU0000644,CL0000054,2020-08-05,2020-09-04,1800
SU0000645,CL0000054,2020-09-05,2020-10-05,1800
SU0000646,CL0000054,2020-10-06,2020-11-05,1800
SU0000647,CL0000054,2020-11-06,2020-12-06,1800
SU0000648,CL0000054,2020-12-07,2021-01-06,1800
SU0000649,CL0000055,2020-01-27,2020-02-26,2500
SU0000650,CL0000055,2020-02-27,2020-03-28,2500
SU0000651,CL0000055,2020-03-29,2020-04-28,2500
SU0000652,CL0000055,2020-04-29,2020-05-29,2500
SU0000653,CL0000055,2020-05-30,2020-06-29,2500
SU0000654,CL0000055,2020-06-30,2020-07-30,2500
SU0000655,CL0000055,2020-07-31,2020-08-30,2500
SU0000656,CL0000055,2020-08-31,2020-09-30,2500
SU0000657,CL0000055,2020-10-01,2020-10-31,2500
SU0000658,CL0000055,2020-11-01,2020-12-01,2500
SU0000659,CL0000055,2020-12-02,2021-01-01,2500
SU0000660,CL0000055,2021-01-02,2021-02-01,2500
SU0000661,CL0000056,2020-01-25,2020-02-24,1200
SU0000662,CL0000056,2020-02-25,2020-03-26,1200
SU0000663,CL0000056,2020-03-27,2020-04-26,1200
SU0000664,CL0000056,2020-04-27,2020-05-27,1200
SU0000665,CL0000056,2020-05-28,2020-06-27,1200
SU0000666,CL0000056,2020-06-28,2020-07-28,1200
SU0000667,CL0000056,2020-07-29,2020-08-28,1200
SU0000668,CL0000056,2020-08-29,2020-09-28,1200
SU0000669,CL0000056,2020-09-29,2020-10-29,1200
SU0000670,CL0000056,2020-10-30,2020-11-29,1200
SU0000671,CL0000056,2020-11-30,2020-12-30,1200
SU0000672,CL0000056,2020-12-31,2021-01-30,1200
SU0000673,CL0000057,2020-01-27,2020-02-26,2200
SU0000674,CL0000057,2020-02-27,2020-03-28,2200
SU0000675,CL0000057,2020-03-29,2020-04-28,2200
SU0000676,CL0000057,2020-04-29,2020-05-29,2200
SU0000677,CL0000057,2020-05-30,2020-06-29,2200
SU0000678,CL0000057,2020-06-30,2020-07-30,2200
SU0000679,CL0000057,2020-07-31,2020-08-30,2200
SU0000680,CL0000057,2020-08-31,2020-09-30,2200
SU0000681,CL0000057,2020-10-01,2020-10-31,2200
SU0000682,CL0000057,2020-11-01,2020-12-01,2200
SU0000683,CL0000057,2020-12-02,2021-01-01,2200
SU0000684,CL0000057,2021-01-02,2021-02-01,2200
SU0000685,CL0000058,2020-01-15,2020-02-14,1200
SU0000686,CL0000058,2020-02-15,2020-03-16,1200
SU0000687,CL0000058,2020-03-17,2020-04-16,1200
SU0000688,CL0000058,2020-04-17,2020-05-17,1200
SU0000689,CL0000058,2020-05-18,2020-06-17,1200
SU0000690,CL0000058,2020-06-18,2020-07-18,1200
SU0000691,CL0000058,2020-07-19,2020-08-18,1200
SU0000692,CL0000058,2020-08-19,2020-09-18,1200
SU0000693,CL0000058,2020-09-19,2020-10-19,1200
SU0000694,CL0000058,2020-10-20,2020-11-19,1200
SU0000695,CL0000058,2020-11-20,2020-12-20,1200
SU0000696,CL0000058,2020-12-21,2021-01-20,1200
SU0000697,CL0000059,2020-01-17,2020-02-16,1500
SU0000698,CL0000059,2020-02-17,2020-03-18,1500
SU0000699,CL0000059,2020-03-19,2020-04-18,1500
SU0000700,CL0000059,2020-04-19,2020-05-19,1500
SU0000701,CL0000059,2020-05-20,2020-06-19,1500
SU0000702,CL0000059,2020-06-20,2020-07-20,1500
SU0000703,CL0000059,2020-07-21,2020-08-20,1500
SU0000704,CL0000059,2020-08-21,2020-09-20,1500
SU0000705,CL0000059,2020-09-21,2020-10-21,1500
SU0000706,CL0000059,2020-10-22,2020-11-21,1500
SU0000707,CL0000059,2020-11-22,2020-12-22,1500
SU0000708,CL0000059,2020-12-23,2021-01-22,1500
SU0000709,CL0000060,2020-01-03,2020-02-02,1800
SU0000710,CL0000060,2020-02-03,2020-03-04,1800
SU0000711,CL0000060,2020-03-05,2020-04-04,1800
SU0000712,CL0000060,2020-04-05,2020-05-05,1800
SU0000713,CL0000060,2020-05-06,2020-06-05,1800
SU0000714,CL0000060,2020-06-06,2020-07-06,1800
SU0000715,CL0000060,2020-07-07,2020-08-06,1800
SU0000716,CL0000060,2020-08-07,2020-09-06,1800
SU0000717,CL0000060,2020-09-07,2020-10-07,1800
SU0000718,CL0000060,2020-10-08,2020-11-07,1800
SU0000719,CL0000060,2020-11-08,2020-12-08,1800
SU0000720,CL0000060,2020-12-09,2021-01-08,1800
SU0000721,CL0000061,2020-01-03,2020-02-02,1500
SU0000722,CL0000061,2020-02-03,2020-03-04,1500
SU0000723,CL0000061,2020-03-05,2020-04-04,1500
SU0000724,CL0000061,2020-04-05,2020-05-05,1500
SU0000725,CL0000061,2020-05-06,2020-06-05,1500
SU0000726,CL0000061,2020-06-06,2020-07-06,1500
SU0000727,CL0000061,2020-07-07,2020-08-06,1500
SU0000728,CL0000061,2020-08-07,2020-09-06,1500
SU0000729,CL0000061,2020-09-07,2020-10-07,1500
SU0000730,CL0000061,2020-10-08,2020-11-07,1500
SU0000731,CL0000061,2020-11-08,2020-12-08,1500
SU0000732,CL0000061,2020-12-09,2021-01-08,1500
SU0000733,CL0000062,2020-01-01,2020-01-31,2200
SU0000734,CL0000062,2020-02-01,2020-03-02,2200
SU0000735,CL0000062,2020-03-03,2020-04-02,2200
SU0000736,CL0000062,2020-04-03,2020-05-03,2200
SU0000737,CL0000062,2020-05-04,2020-06-03,2200
SU0000738,CL0000062,2020-06-04,2020-07-04,2200
SU0000739,CL0000062,2020-07-05,2020-08-04,2200
SU0000740,CL0000062,2020-08-05,2020-09-04,2200
SU0000741,CL0000062,2020-09-05,2020-10-05,2200
SU0000742,CL0000062,2020-10-06,2020-11-05,2200
SU0000743,CL0000062,2020-11-06,2020-12-06,2200
SU0000744,CL0000062,2020-12-07,2021-01-06,2200
SU0000745,CL0000063,2020-01-24,2020-02-23,2200
SU0000746,CL0000063,2020-02-24,2020-03-25,2200
SU0000747,CL0000063,2020-03-26,2020-04-25,2200
SU0000748,CL0000063,2020-04-26,2020-05-26,2200
SU0000749,CL0000063,2020-05-27,2020-06-26,2200
SU0000750,CL0000063,2020-06-27,2020-07-27,2200
SU0000751,CL0000063,2020-07-28,2020-08-27,2200
SU0000752,CL0000063,2020-08-28,2020-09-27,2200
SU0000753,CL0000063,2020-09-28,2020-10-28,2200
SU0000754,CL0000063,2020-10-29,2020-11-28,2200
SU0000755,CL0000063,2020-11-29,2020-12-29,2200
SU0000756,CL0000063,2020-12-30,2021-01-29,2200
SU0000757,CL0000064,2020-01-29,2020-02-28,1200
SU0000758,CL0000064,2020-02-29,2020-03-30,1200
SU0000759,CL0000064,2020-03-31,2020-04-30,1200
SU0000760,CL0000064,2020-05-01,2020-05-31,1200
SU0000761,CL0000064,2020-06-01,2020-07-01,1200
SU0000762,CL0000064,2020-07-02,2020-08-01,1200
SU0000763,CL0000064,2020-08-02,2020-09-01,1200
SU0000764,CL0000064,2020-09-02,2020-10-02,1200
SU0000765,CL0000064,2020-10-03,2020-11-02,1200
SU0000766,CL0000064,2020-11-03,2020-12-03,1200
SU0000767,CL0000064,2020-12-04,2021-01-03,1200
SU0000768,CL0000064,2021-01-04,2021-02-03,1200
SU0000769,CL0000065,2020-01-08,2020-02-07,1200
SU0000770,CL0000065,2020-02-08,2020-03-09,1200
SU0000771,CL0000065,2020-03-10,2020-04-09,1200
SU0000772,CL0000065,2020-04-10,2020-05-10,1200
SU0000773,CL0000065,2020-05-11,2020-06-10,1200
SU0000774,CL0000065,2020-06-11,2020-07-11,1200
SU0000775,CL0000065,2020-07-12,2020-08-11,1200
SU0000776,CL0000065,2020-08-12,2020-09-11,1200
SU0000777,CL0000065,2020-09-12,2020-10-12,1200
SU0000778,CL0000065,2020-10-13,2020-11-12,1200
SU0000779,CL0000065,2020-11-13,2020-12-13,1200
SU0000780,CL0000065,2020-12-14,2021-01-13,1200
SU0000781,CL0000066,2020-01-12,2020-02-11,4700
SU0000782,CL0000066,2020-02-12,2020-03-13,4700
SU0000783,CL0000066,2020-03-14,2020-04-13,4700
SU0000784,CL0000066,2020-04-14,2020-05-14,4700
SU0000785,CL0000066,2020-05-15,2020-06-14,4700
SU0000786,CL0000066,2020-06-15,2020-07-15,4700
SU0000787,CL0000066,2020-07-16,2020-08-15,4700
SU0000788,CL0000066,2020-08-16,2020-09-15,4700
SU0000789,CL0000066,2020-09-16,2020-10-16,4700
SU0000790,CL0000066,2020-10-17,2020-11-16,4700
SU0000791,CL0000066,2020-11-17,2020-12-17,4700
SU0000792,CL0000066,2020-12-18,2021-01-17,4700
SU0000793,CL0000067,2020-01-28,2020-02-27,1500
SU0000794,CL0000067,2020-02-28,2020-03-29,1500
SU0000795,CL0000067,2020-03-30,2020-04-29,1500
SU0000796,CL0000067,2020-04-30,2020-05-30,1500
SU0000797,CL0000067,2020-05-31,2020-06-30,1500
SU0000798,CL0000067,2020-07-01,2020-07-31,1500
SU0000799,CL0000067,2020-08-01,2020-08-31,1500
SU0000800,CL0000067,2020-09-01,2020-10-01,1500
SU0000801,CL0000067,2020-10-02,2020-11-01,1500
SU0000802,CL0000067,2020-11-02,2020-12-02,1500
SU0000803,CL0000067,2020-12-03,2021-01-02,1500
SU0000804,CL0000067,2021-01-03,2021-02-02,1500
SU0000805,CL0000068,2020-01-20,2020-02-19,2200
SU0000806,CL0000068,2020-02-20,2020-03-21,2200
SU0000807,CL0000068,2020-03-22,2020-04-21,2200
SU0000808,CL0000068,2020-04-22,2020-05-22,2200
SU0000809,CL0000068,2020-05-23,2020-06-22,2200
SU0000810,CL0000068,2020-06-23,2020-07-23,2200
SU0000811,CL0000068,2020-07-24,2020-08-23,2200
SU0000812,CL0000068,2020-08-24,2020-09-23,2200
SU0000813,CL0000068,2020-09-24,2020-10-24,2200
SU0000814,CL0000068,2020-10-25,2020-11-24,2200
SU0000815,CL0000068,2020-11-25,2020-12-25,2200
SU0000816,CL0000068,2020-12-26,2021-01-25,2200
SU0000817,CL0000069,2020-01-16,2020-02-15,1500
SU0000818,CL0000069,2020-02-16,2020-03-17,1500
SU0000819,CL0000069,2020-03-18,2020-04-17,1500
SU0000820,CL0000069,2020-04-18,2020-05-18,1500
SU0000821,CL0000069,2020-05-19,2020-06-18,1500
SU0000822,CL0000069,2020-06-19,2020-07-19,1500
SU0000823,CL0000069,2020-07-20,2020-08-19,1500
SU0000824,CL0000069,2020-08-20,2020-09-19,1500
SU0000825,CL0000069,2020-09-20,2020-10-20,1500
SU0000826,CL0000069,2020-10-21,2020-11-20,1500
SU0000827,CL0000069,2020-11-21,2020-12-21,1500
SU0000828,CL0000069,2020-12-22,2021-01-21,1500
SU0000829,CL0000070,2020-01-30,2020-02-29,1200
SU0000830,CL0000070,2020-03-01,2020-03-31,1200
SU0000831,CL0000070,2020-04-01,2020-05-01,1200
SU0000832,CL0000070,2020-05-02,2020-06-01,1200
SU0000833,CL0000070,2020-06-02,2020-07-02,1200
SU0000834,CL0000070,2020-07-03,2020-08-02,1200
SU0000835,CL0000070,2020-08-03,2020-09-02,1200
SU0000836,CL0000070,2020-09-03,2020-10-03,1200
SU0000837,CL0000070,2020-10-04,2020-11-03,1200
SU0000838,CL0000070,2020-11-04,2020-12-04,1200
SU0000839,CL0000070,2020-12-05,2021-01-04,1200
SU0000840,CL0000070,2021-01-05,2021-02-04,1200
SU0000841,CL0000071,2020-01-09,2020-02-08,4700
SU0000842,CL0000071,2020-02-09,2020-03-10,4700
SU0000843,CL0000071,2020-03-11,2020-04-10,4700
SU0000844,CL0000071,2020-04-11,2020-05-11,4700
SU0000845,CL0000071,2020-05-12,2020-06-11,4700
SU0000846,CL0000071,2020-06-12,2020-07-12,4700
SU0000847,CL0000071,2020-07-13,2020-08-12,4700
SU0000848,CL0000071,2020-08-13,2020-09-12,4700
SU0000849,CL0000071,2020-09-13,2020-10-13,4700
SU0000850,CL0000071,2020-10-14,2020-11-13,4700
SU0000851,CL0000071,2020-11-14,2020-12-14,4700
SU0000852,CL0000071,2020-12-15,2021-01-14,4700
SU0000853,CL0000072,2020-01-22,2020-02-21,2500
SU0000854,CL0000072,2020-02-22,2020-03-23,2500
SU0000855,CL0000072,2020-03-24,2020-04-23,2500
SU0000856,CL0000072,2020-04-24,2020-05-24,2500
SU0000857,CL0000072,2020-05-25,2020-06-24,2500
SU0000858,CL0000072,2020-06-25,2020-07-25,2500
SU0000859,CL0000072,2020-07-26,2020-08-25,2500
SU0000860,CL0000072,2020-08-26,2020-09-25,2500
SU0000861,CL0000072,2020-09-26,2020-10-26,2500
SU0000862,CL0000072,2020-10-27,2020-11-26,2500
SU0000863,CL0000072,2020-11-27,2020-12-27,2500
SU0000864,CL0000072,2020-12-28,2021-01-27,2500
SU0000865,CL0000073,2020-01-16,2020-02-15,2500
SU0000866,CL0000073,2020-02-16,2020-03-17,2500
SU0000867,CL0000073,2020-03-18,2020-04-17,2500
SU0000868,CL0000073,2020-04-18,2020-05-18,2500
SU0000869,CL0000073,2020-05-19,2020-06-18,2500
SU0000870,CL0000073,2020-06-19,2020-07-19,2500
SU0000871,CL0000073,2020-07-20,2020-08-19,2500
SU0000872,CL0000073,2020-08-20,2020-09-19,2500
SU0000873,CL0000073,2020-09-20,2020-10-20,2500
SU0000874,CL0000073,2020-10-21,2020-11-20,2500
SU0000875,CL0000073,2020-11-21,2020-12-21,2500
SU0000876,CL0000073,2020-12-22,2021-01-21,2500
SU0000877,CL0000074,2020-01-12,2020-02-11,3500
SU0000878,CL0000074,2020-02-12,2020-03-13,3500
SU0000879,CL0000074,2020-03-14,2020-04-13,3500
SU0000880,CL0000074,2020-04-14,2020-05-14,3500
SU0000881,CL0000074,2020-05-15,2020-06-14,3500
SU0000882,CL0000074,2020-06-15,2020-07-15,3500
SU0000883,CL0000074,2020-07-16,2020-08-15,3500
SU0000884,CL0000074,2020-08-16,2020-09-15,3500
SU0000885,CL0000074,2020-09-16,2020-10-16,3500
SU0000886,CL0000074,2020-10-17,2020-11-16,3500
SU0000887,CL0000074,2020-11-17,2020-12-17,3500
SU0000888,CL0000074,2020-12-18,2021-01-17,3500
SU0000889,CL0000075,2020-01-08,2020-02-07,3500
SU0000890,CL0000075,2020-02-08,2020-03-09,3500
SU0000891,CL0000075,2020-03-10,2020-04-09,3500
SU0000892,CL0000075,2020-04-10,2020-05-10,3500
SU0000893,CL0000075,2020-05-11,2020-06-10,3500
SU0000894,CL0000075,2020-06-11,2020-07-11,3500
SU0000895,CL0000075,2020-07-12,2020-08-11,3500
SU0000896,CL0000075,2020-08-12,2020-09-11,3500
SU0000897,CL0000075,2020-09-12,2020-10-12,3500
SU0000898,CL0000075,2020-10-13,2020-11-12,3500
SU0000899,CL0000075,2020-11-13,2020-12-13,3500
SU0000900,CL0000075,2020-12-14,2021-01-13,3500
SU0000901,CL0000076,2020-01-20,2020-02-19,3500
SU0000902,CL0000076,2020-02-20,2020-03-21,3500
SU0000903,CL0000076,2020-03-22,2020-04-21,3500
SU0000904,CL0000076,2020-04-22,2020-05-22,3500
SU0000905,CL0000076,2020-05-23,2020-06-22,3500
SU0000906,CL0000076,2020-06-23,2020-07-23,3500
SU0000907,CL0000076,2020-07-24,2020-08-23,3500
SU0000908,CL0000076,2020-08-24,2020-09-23,3500
SU0000909,CL0000076,2020-09-24,2020-10-24,3500
SU0000910,CL0000076,2020-10-25,2020-11-24,3500
SU0000911,CL0000076,2020-11-25,2020-12-25,3500
SU0000912,CL0000076,2020-12-26,2021-01-25,3500
SU0000913,CL0000077,2020-01-17,2020-02-16,1800
SU0000914,CL0000077,2020-02-17,2020-03-18,1800
SU0000915,CL0000077,2020-03-19,2020-04-18,1800
SU0000916,CL0000077,2020-04-19,2020-05-19,1800
SU0000917,CL0000077,2020-05-20,2020-06-19,1800
SU0000918,CL0000077,2020-06-20,2020-07-20,1800
SU0000919,CL0000077,2020-07-21,2020-08-20,1800
SU0000920,CL0000077,2020-08-21,2020-09-20,1800
SU0000921,CL0000077,2020-09-21,2020-10-21,1800
SU0000922,CL0000077,2020-10-22,2020-11-21,1800
SU0000923,CL0000077,2020-11-22,2020-12-22,1800
SU0000924,CL0000077,2020-12-23,2021-01-22,1800
SU0000925,CL0000078,2020-01-16,2020-02-15,1800
SU0000926,CL0000078,2020-02-16,2020-03-17,1800
SU0000927,CL0000078,2020-03-18,2020-04-17,1800
SU0000928,CL0000078,2020-04-18,2020-05-18,1800
SU0000929,CL0000078,2020-05-19,2020-06-18,1800
SU0000930,CL0000078,2020-06-19,2020-07-19,1800
SU0000931,CL0000078,2020-07-20,2020-08-19,1800
SU0000932,CL0000078,2020-08-20,2020-09-19,1800
SU0000933,CL0000078,2020-09-20,2020-10-20,1800
SU0000934,CL0000078,2020-10-21,2020-11-20,1800
SU0000935,CL0000078,2020-11-21,2020-12-21,1800
SU0000936,CL0000078,2020-12-22,2021-01-21,1800
SU0000937,CL0000079,2020-01-24,2020-02-23,2200
SU0000938,CL0000079,2020-02-24,2020-03-25,2200
SU0000939,CL0000079,2020-03-26,2020-04-25,2200
SU0000940,CL0000079,2020-04-26,2020-05-26,2200
SU0000941,CL0000079,2020-05-27,2020-06-26,2200
SU0000942,CL0000079,2020-06-27,2020-07-27,2200
SU0000943,CL0000079,2020-07-28,2020-08-27,2200
SU0000944,CL0000079,2020-08-28,2020-09-27,2200
SU0000945,CL0000079,2020-09-28,2020-10-28,2200
SU0000946,CL0000079,2020-10-29,2020-11-28,2200
SU0000947,CL0000079,2020-11-29,2020-12-29,2200
SU0000948,CL0000079,2020-12-30,2021-01-29,2200
SU0000949,CL0000080,2020-01-13,2020-02-12,1200
SU0000950,CL0000080,2020-02-13,2020-03-14,1200
SU0000951,CL0000080,2020-03-15,2020-04-14,1200
SU0000952,CL0000080,2020-04-15,2020-05-15,1200
SU0000953,CL0000080,2020-05-16,2020-06-15,1200
SU0000954,CL0000080,2020-06-16,2020-07-16,1200
SU0000955,CL0000080,2020-07-17,2020-08-16,1200
SU0000956,CL0000080,2020-08-17,2020-09-16,1200
SU0000957,CL0000080,2020-09-17,2020-10-17,1200
SU0000958,CL0000080,2020-10-18,2020-11-17,1200
SU0000959,CL0000080,2020-11-18,2020-12-18,1200
SU0000960,CL0000080,2020-12-19,2021-01-18,1200
SU0000961,CL0000081,2020-01-10,2020-02-09,2200
SU0000962,CL0000081,2020-02-10,2020-03-11,2200
SU0000963,CL0000081,2020-03-12,2020-04-11,2200
SU0000964,CL0000081,2020-04-12,2020-05-12,2200
SU0000965,CL0000081,2020-05-13,2020-06-12,2200
SU0000966,CL0000081,2020-06-13,2020-07-13,2200
SU0000967,CL0000081,2020-07-14,2020-08-13,2200
SU0000968,CL0000081,2020-08-14,2020-09-13,2200
SU0000969,CL0000081,2020-09-14,2020-10-14,2200
SU0000970,CL0000081,2020-10-15,2020-11-14,2200
SU0000971,CL0000081,2020-11-15,2020-12-15,2200
SU0000972,CL0000081,2020-12-16,2021-01-15,2200
SU0000973,CL0000082,2020-01-02,2020-02-01,1200
SU0000974,CL0000082,2020-02-02,2020-03-03,1200
SU0000975,CL0000082,2020-03-04,2020-04-03,1200
SU0000976,CL0000082,2020-04-04,2020-05-04,1200
SU0000977,CL0000082,2020-05-05,2020-06-04,1200
SU0000978,CL0000082,2020-06-05,2020-07-05,1200
SU0000979,CL0000082,2020-07-06,2020-08-05,1200
SU0000980,CL0000082,2020-08-06,2020-09-05,1200
SU0000981,CL0000082,2020-09-06,2020-10-06,1200
SU0000982,CL0000082,2020-10-07,2020-11-06,1200
SU0000983,CL0000082,2020-11-07,2020-12-07,1200
SU0000984,CL0000082,2020-12-08,2021-01-07,1200
SU0000985,CL0000083,2020-01-03,2020-02-02,2500
SU0000986,CL0000083,2020-02-03,2020-03-04,2500
SU0000987,CL0000083,2020-03-05,2020-04-04,2500
SU0000988,CL0000083,2020-04-05,2020-05-05,2500
SU0000989,CL0000083,2020-05-06,2020-06-05,2500
SU0000990,CL0000083,2020-06-06,2020-07-06,2500
SU0000991,CL0000083,2020-07-07,2020-08-06,2500
SU0000992,CL0000083,2020-08-07,2020-09-06,2500
SU0000993,CL0000083,2020-09-07,2020-10-07,2500
SU0000994,CL0000083,2020-10-08,2020-11-07,2500
SU0000995,CL0000083,2020-11-08,2020-12-08,2500
SU0000996,CL0000083,2020-12-09,2021-01-08,2500
SU0000997,CL0000084,2020-01-30,2020-02-29,1500
SU0000998,CL0000084,2020-03-01,2020-03-31,1500
SU0000999,CL0000084,2020-04-01,2020-05-01,1500
SU0001000,CL0000084,2020-05-02,2020-06-01,1500
SU0001001,CL0000084,2020-06-02,2020-07-02,1500
SU0001002,CL0000084,2020-07-03,2020-08-02,1500
SU0001003,CL0000084,2020-08-03,2020-09-02,1500
SU0001004,CL0000084,2020-09-03,2020-10-03,1500
SU0001005,CL0000084,2020-10-04,2020-11-03,1500
SU0001006,CL0000084,2020-11-04,2020-12-04,1500
SU0001007,CL0000084,2020-12-05,2021-01-04,1500
SU0001008,CL0000084,2021-01-05,2021-02-04,1500
SU0001009,CL0000085,2020-01-10,2020-02-09,1800
SU0001010,CL0000085,2020-02-10,2020-03-11,1800
SU0001011,CL0000085,2020-03-12,2020-04-11,1800
SU0001012,CL0000085,2020-04-12,2020-05-12,1800
SU0001013,CL0000085,2020-05-13,2020-06-12,1800
SU0001014,CL0000085,2020-06-13,2020-07-13,1800
SU0001015,CL0000085,2020-07-14,2020-08-13,1800
SU0001016,CL0000085,2020-08-14,2020-09-13,1800
SU0001017,CL0000085,2020-09-14,2020-10-14,1800
SU0001018,CL0000085,2020-10-15,2020-11-14,1800
SU0001019,CL0000085,2020-11-15,2020-12-15,1800
SU0001020,CL0000085,2020-12-16,2021-01-15,1800
SU0001021,CL0000086,2020-01-08,2020-02-07,4700
SU0001022,CL0000086,2020-02-08,2020-03-09,4700
SU0001023,CL0000086,2020-03-10,2020-04-09,4700
SU0001024,CL0000086,2020-04-10,2020-05-10,4700
SU0001025,CL0000086,2020-05-11,2020-06-10,4700
SU0001026,CL0000086,2020-06-11,2020-07-11,4700
SU0001027,CL0000086,2020-07-12,2020-08-11,4700
SU0001028,CL0000086,2020-08-12,2020-09-11,4700
SU0001029,CL0000086,2020-09-12,2020-10-12,4700
SU0001030,CL0000086,2020-10-13,2020-11-12,4700
SU0001031,CL0000086,2020-11-13,2020-12-13,4700
SU0001032,CL0000086,2020-12-14,2021-01-13,4700
SU0001033,CL0000087,2020-01-19,2020-02-18,1200
SU0001034,CL0000087,2020-02-19,2020-03-20,1200
SU0001035,CL0000087,2020-03-21,2020-04-20,1200
SU0001036,CL0000087,2020-04-21,2020-05-21,1200
SU0001037,CL0000087,2020-05-22,2020-06-21,1200
SU0001038,CL0000087,2020-06-22,2020-07-22,1200
SU0001039,CL0000087,2020-07-23,2020-08-22,1200
SU0001040,CL0000087,2020-08-23,2020-09-22,1200
SU0001041,CL0000087,2020-09-23,2020-10-23,1200
SU0001042,CL0000087,2020-10-24,2020-11-23,1200
SU0001043,CL0000087,2020-11-24,2020-12-24,1200
SU0001044,CL0000087,2020-12-25,2021-01-24,1200
SU0001045,CL0000088,2020-01-19,2020-02-18,4700
SU0001046,CL0000088,2020-02-19,2020-03-20,4700
SU0001047,CL0000088,2020-03-21,2020-04-20,4700
SU0001048,CL0000088,2020-04-21,2020-05-21,4700
SU0001049,CL0000088,2020-05-22,2020-06-21,4700
SU0001050,CL0000088,2020-06-22,2020-07-22,4700
SU0001051,CL0000088,2020-07-23,2020-08-22,4700
SU0001052,CL0000088,2020-08-23,2020-09-22,4700
SU0001053,CL0000088,2020-09-23,2020-10-23,4700
SU0001054,CL0000088,2020-10-24,2020-11-23,4700
SU0001055,CL0000088,2020-11-24,2020-12-24,4700
SU0001056,CL0000088,2020-12-25,2021-01-24,4700
SU0001057,CL0000089,2020-01-17,2020-02-16,1500
SU0001058,CL0000089,2020-02-17,2020-03-18,1500
SU0001059,CL0000089,2020-03-19,2020-04-18,1500
SU0001060,CL0000089,2020-04-19,2020-05-19,1500
SU0001061,CL0000089,2020-05-20,2020-06-19,1500
SU0001062,CL0000089,2020-06-20,2020-07-20,1500
SU0001063,CL0000089,2020-07-21,2020-08-20,1500
SU0001064,CL0000089,2020-08-21,2020-09-20,1500
SU0001065,CL0000089,2020-09-21,2020-10-21,1500
SU0001066,CL0000089,2020-10-22,2020-11-21,1500
SU0001067,CL0000089,2020-11-22,2020-12-22,1500
SU0001068,CL0000089,2020-12-23,2021-01-22,1500
SU0001069,CL0000090,2020-01-02,2020-02-01,2500
SU0001070,CL0000090,2020-02-02,2020-03-03,2500
SU0001071,CL0000090,2020-03-04,2020-04-03,2500
SU0001072,CL0000090,2020-04-04,2020-05-04,2500
SU0001073,CL0000090,2020-05-05,2020-06-04,2500
SU0001074,CL0000090,2020-06-05,2020-07-05,2500
SU0001075,CL0000090,2020-07-06,2020-08-05,2500
SU0001076,CL0000090,2020-08-06,2020-09-05,2500
SU0001077,CL0000090,2020-09-06,2020-10-06,2500
SU0001078,CL0000090,2020-10-07,2020-11-06,2500
SU0001079,CL0000090,2020-11-07,2020-12-07,2500
SU0001080,CL0000090,2020-12-08,2021-01-07,2500
SU0001081,CL0000091,2020-01-19,2020-02-18,1500
SU0001082,CL0000091,2020-02-19,2020-03-20,1500
SU0001083,CL0000091,2020-03-21,2020-04-20,1500
SU0001084,CL0000091,2020-04-21,2020-05-21,1500
SU0001085,CL0000091,2020-05-22,2020-06-21,1500
SU0001086,CL0000091,2020-06-22,2020-07-22,1500
SU0001087,CL0000091,2020-07-23,2020-08-22,1500
SU0001088,CL0000091,2020-08-23,2020-09-22,1500
SU0001089,CL0000091,2020-09-23,2020-10-23,1500
SU0001090,CL0000091,2020-10-24,2020-11-23,1500
SU0001091,CL0000091,2020-11-24,2020-12-24,1500
SU0001092,CL0000091,2020-12-25,2021-01-24,1500
SU0001093,CL0000092,2020-01-07,2020-02-06,1800
SU0001094,CL0000092,2020-02-07,2020-03-08,1800
SU0001095,CL0000092,2020-03-09,2020-04-08,1800
SU0001096,CL0000092,2020-04-09,2020-05-09,1800
SU0001097,CL0000092,2020-05-10,2020-06-09,1800
SU0001098,CL0000092,2020-06-10,2020-07-10,1800
SU0001099,CL0000092,2020-07-11,2020-08-10,1800
SU0001100,CL0000092,2020-08-11,2020-09-10,1800
SU0001101,CL0000092,2020-09-11,2020-10-11,1800
SU0001102,CL0000092,2020-10-12,2020-11-11,1800
SU0001103,CL0000092,2020-11-12,2020-12-12,1800
SU0001104,CL0000092,2020-12-13,2021-01-12,1800
SU0001105,CL0000093,2020-01-02,2020-02-01,2500
SU0001106,CL0000093,2020-02-02,2020-03-03,2500
SU0001107,CL0000093,2020-03-04,2020-04-03,2500
SU0001108,CL0000093,2020-04-04,2020-05-04,2500
SU0001109,CL0000093,2020-05-05,2020-06-04,2500
SU0001110,CL0000093,2020-06-05,2020-07-05,2500
SU0001111,CL0000093,2020-07-06,2020-08-05,2500
SU0001112,CL0000093,2020-08-06,2020-09-05,2500
SU0001113,CL0000093,2020-09-06,2020-10-06,2500
SU0001114,CL0000093,2020-10-07,2020-11-06,2500
SU0001115,CL0000093,2020-11-07,2020-12-07,2500
SU0001116,CL0000093,2020-12-08,2021-01-07,2500
SU0001117,CL0000094,2020-01-11,2020-02-10,2200
SU0001118,CL0000094,2020-02-11,2020-03-12,2200
SU0001119,CL0000094,2020-03-13,2020-04-12,2200
SU0001120,CL0000094,2020-04-13,2020-05-13,2200
SU0001121,CL0000094,2020-05-14,2020-06-13,2200
SU0001122,CL0000094,2020-06-14,2020-07-14,2200
SU0001123,CL0000094,2020-07-15,2020-08-14,2200
SU0001124,CL0000094,2020-08-15,2020-09-14,2200
SU0001125,CL0000094,2020-09-15,2020-10-15,2200
SU0001126,CL0000094,2020-10-16,2020-11-15,2200
SU0001127,CL0000094,2020-11-16,2020-12-16,2200
SU0001128,CL0000094,2020-12-17,2021-01-16,2200
SU0001129,CL0000095,2020-01-17,2020-02-16,1200
SU0001130,CL0000095,2020-02-17,2020-03-18,1200
SU0001131,CL0000095,2020-03-19,2020-04-18,1200
SU0001132,CL0000095,2020-04-19,2020-05-19,1200
SU0001133,CL0000095,2020-05-20,2020-06-19,1200
SU0001134,CL0000095,2020-06-20,2020-07-20,1200
SU0001135,CL0000095,2020-07-21,2020-08-20,1200
SU0001136,CL0000095,2020-08-21,2020-09-20,1200
SU0001137,CL0000095,2020-09-21,2020-10-21,1200
SU0001138,CL0000095,2020-10-22,2020-11-21,1200
SU0001139,CL0000095,2020-11-22,2020-12-22,1200
SU0001140,CL0000095,2020-12-23,2021-01-22,1200
SU0001141,CL0000096,2020-01-16,2020-02-15,2200
SU0001142,CL0000096,2020-02-16,2020-03-17,2200
SU0001143,CL0000096,2020-03-18,2020-04-17,2200
SU0001144,CL0000096,2020-04-18,2020-05-18,2200
SU0001145,CL0000096,2020-05-19,2020-06-18,2200
SU0001146,CL0000096,2020-06-19,2020-07-19,2200
SU0001147,CL0000096,2020-07-20,2020-08-19,2200
SU0001148,CL0000096,2020-08-20,2020-09-19,2200
SU0001149,CL0000096,2020-09-20,2020-10-20,2200
SU0001150,CL0000096,2020-10-21,2020-11-20,2200
SU0001151,CL0000096,2020-11-21,2020-12-21,2200
SU0001152,CL0000096,2020-12-22,2021-01-21,2200
SU0001153,CL0000097,2020-01-08,2020-02-07,4700
SU0001154,CL0000097,2020-02-08,2020-03-09,4700
SU0001155,CL0000097,2020-03-10,2020-04-09,4700
SU0001156,CL0000097,2020-04-10,2020-05-10,4700
SU0001157,CL0000097,2020-05-11,2020-06-10,4700
SU0001158,CL0000097,2020-06-11,2020-07-11,4700
SU0001159,CL0000097,2020-07-12,2020-08-11,4700
SU0001160,CL0000097,2020-08-12,2020-09-11,4700
SU0001161,CL0000097,2020-09-12,2020-10-12,4700
SU0001162,CL0000097,2020-10-13,2020-11-12,4700
SU0001163,CL0000097,2020-11-13,2020-12-13,4700
SU0001164,CL0000097,2020-12-14,2021-01-13,4700
SU0001165,CL0000098,2020-01-09,2020-02-08,2200
SU0001166,CL0000098,2020-02-09,2020-03-10,2200
SU0001167,CL0000098,2020-03-11,2020-04-10,2200
SU0001168,CL0000098,2020-04-11,2020-05-11,2200
SU0001169,CL0000098,2020-05-12,2020-06-11,2200
SU0001170,CL0000098,2020-06-12,2020-07-12,2200
SU0001171,CL0000098,2020-07-13,2020-08-12,2200
SU0001172,CL0000098,2020-08-13,2020-09-12,2200
SU0001173,CL0000098,2020-09-13,2020-10-13,2200
SU0001174,CL0000098,2020-10-14,2020-11-13,2200
SU0001175,CL0000098,2020-11-14,2020-12-14,2200
SU0001176,CL0000098,2020-12-15,2021-01-14,2200
SU0001177,CL0000099,2020-01-29,2020-02-28,2500
SU0001178,CL0000099,2020-02-29,2020-03-30,2500
SU0001179,CL0000099,2020-03-31,2020-04-30,2500
SU0001180,CL0000099,2020-05-01,2020-05-31,2500
SU0001181,CL0000099,2020-06-01,2020-07-01,2500
SU0001182,CL0000099,2020-07-02,2020-08-01,2500
SU0001183,CL0000099,2020-08-02,2020-09-01,2500
SU0001184,CL0000099,2020-09-02,2020-10-02,2500
SU0001185,CL0000099,2020-10-03,2020-11-02,2500
SU0001186,CL0000099,2020-11-03,2020-12-03,2500
SU0001187,CL0000099,2020-12-04,2021-01-03,2500
SU0001188,CL0000099,2021-01-04,2021-02-03,2500
SU0001189,CL0000100,2020-01-10,2020-02-09,1200
SU0001190,CL0000100,2020-02-10,2020-03-11,1200
SU0001191,CL0000100,2020-03-12,2020-04-11,1200
SU0001192,CL0000100,2020-04-12,2020-05-12,1200
SU0001193,CL0000100,2020-05-13,2020-06-12,1200
SU0001194,CL0000100,2020-06-13,2020-07-13,1200
SU0001195,CL0000100,2020-07-14,2020-08-13,1200
SU0001196,CL0000100,2020-08-14,2020-09-13,1200
SU0001197,CL0000100,2020-09-14,2020-10-14,1200
SU0001198,CL0000100,2020-10-15,2020-11-14,1200
SU0001199,CL0000100,2020-11-15,2020-12-15,1200
SU0001200,CL0000100,2020-12-16,2021-01-15,1200
