id,cliente_id,colaborador_id,fecha,hora,qr_id
VE0000001,C00000219,CL0000680,2021-02-12,03:31:48,FJIDqCNvCzKcCSLyclFX
VE0000002,C00000383,CL0000148,2020-05-15,14:18:50,cZsECsYmMkWrtlkdMHFU
VE0000003,C00000015,CL0000095,2020-10-05,16:12:49,NfKPAzTMkEheIApCImiH
VE0000004,C00000413,CL0000735,2020-04-04,06:14:46,EjTrQRFSMzmbxQWRjmSb
VE0000005,C00000099,CL0000149,2021-02-07,02:16:19,wadanmKRwUoOsdFihbpq
VE0000006,C00000778,CL0000900,2020-10-13,04:12:41,OUkkfBIyeRBTNLNoAJOS
VE0000007,C00000459,CL0000412,2020-12-31,03:35:56,ofoYrYKCFwUMDAQzgQUa
VE0000008,C00000590,CL0000807,2020-11-13,23:25:54,JpSGLzFQKCOstXtDGvRE
VE0000009,C00000094,CL0000827,2020-12-07,10:11:31,ReLGxMwjjeGBfuSUFmzC
VE0000010,C00000262,CL0000552,2020-05-06,16:49:38,DTtvaaPNGtEYZNmrJtpQ
VE0000011,C00000145,CL0000855,2020-07-16,12:04:40,CodRDLqtleqmHMlaXDCe
VE0000012,C00000312,CL0000824,2020-07-11,01:44:17,bwSveCcCeDCZfXJYzqqK
VE0000013,C00000359,CL0000347,2020-07-03,09:29:33,QJasrJifaXKbBrFPmsYz
VE0000014,C00000462,CL0000337,2020-12-01,21:31:54,hHwpUyiFwiiHcjWsXTlH
VE0000015,C00000181,CL0000656,2020-09-18,03:49:02,CpXDjpQtUEJYBKANRthc
VE0000016,C00000803,CL0000003,2020-10-17,16:05:50,cqaKHdbHtkDvFnSGLFGU
VE0000017,C00000713,CL0000783,2020-08-11,05:23:55,oMBYBUQBjFBVlYWVMSMC
VE0000018,C00000847,CL0000119,2020-09-28,14:39:30,dbwGWygFtzlzdHbedgWx
VE0000019,C00000075,CL0000639,2020-10-23,02:26:32,npYpCHkgLxMBGQCfgnWI
VE0000020,C00000902,CL0000896,2020-02-06,21:20:39,QKdwAoAevpuHFzVpDEhP
VE0000021,C00000003,CL0000077,2021-02-11,03:47:32,XCyDjVXCtPhwLBnkFAku
VE0000022,C00000572,CL0000248,2021-02-20,18:31:57,udyMXJOqwvbuaVEonBgt
VE0000023,C00000965,CL0000207,2020-04-20,02:18:40,fwekhaJiPdYhPAbnMSGB
VE0000024,C00000060,CL0000526,2020-05-28,23:19:19,UYFnWTQXZrhQgoGtQamH
VE0000025,C00000449,CL0000814,2021-02-23,09:13:50,jweVkTYXiIPsYCIYyhyT
VE0000026,C00000086,CL0000653,2020-08-29,15:11:42,kxNrSqQMMRNAjIEIHPvl
VE0000027,C00000840,CL0000382,2021-02-18,18:35:11,vsTuQKruYgbMFTFuLGCO
VE0000028,C00000625,CL0000285,2020-04-11,11:36:55,EYahLyLjgYdDraCIyhms
VE0000029,C00000021,CL0000192,2020-06-20,20:18:09,rIqrfHrkYJBrgARsGcXL
VE0000030,C00000602,CL0000905,2020-09-03,14:05:09,xjViOSJhYiOgnyvShVLo
VE0000031,C00000201,CL0000953,2020-03-28,00:17:58,WzrNLLKoGAknJkPatEue
VE0000032,C00000051,CL0000777,2020-12-27,18:17:12,ghZQUhPBzakxwQLZGdVc
VE0000033,C00000592,CL0000622,2021-02-27,00:20:26,gpcPsBxvsRfXgWfUFUHm
VE0000034,C00000568,CL0000860,2021-02-05,15:06:43,uSfrgjwKuKKRxcAPmvCp
VE0000035,C00000054,CL0000180,2020-04-22,06:44:04,jxoZoqDGUNOXFFpCqBFU
VE0000036,C00000551,CL0000987,2021-02-24,00:18:23,ikEuoXYkceQXGpmSiffU
VE0000037,C00000200,CL0000354,2020-09-16,03:55:17,IvorCHYPoioYVipaILss
VE0000038,C00000022,CL0000186,2021-01-07,00:57:15,ynEteMRghTgGinQcZHFq
VE0000039,C00000229,CL0000547,2020-11-07,09:38:38,OdcJyWnMWpOHZcBnsKee
VE0000040,C00000525,CL0000976,2020-10-05,10:05:27,DRTsEVFTelFiULhbfHVM
VE0000041,C00000026,CL0000521,2020-06-19,19:41:59,HHSglxQtUPMNlhpaIpDo
VE0000042,C00000066,CL0000440,2020-12-19,19:25:05,QQAIxPuNhGEdYAAwDxVD
VE0000043,C00000824,CL0000756,2020-08-06,06:36:48,gZzIGZHReBnSFxDlKmPR
VE0000044,C00000861,CL0000793,2020-02-21,16:26:52,DLgwuVAWFqqVFUOJIvSK
VE0000045,C00000222,CL0000660,2020-12-03,01:50:32,wfTGcNtIqymTcaeghTTM
VE0000046,C00000179,CL0000489,2020-01-30,12:19:24,ADgFMokulALIJipQnbtb
VE0000047,C00000045,CL0000797,2020-07-06,03:13:28,pvntVHSzhHkoZWuJOhkg
VE0000048,C00000750,CL0000698,2020-12-29,08:52:30,CcCyhAkBnscxtZPrKHUi
VE0000049,C00000924,CL0000621,2020-03-16,14:40:53,SGmKUMmzphUWqTdkNmVB
VE0000050,C00000745,CL0000955,2020-09-27,12:18:08,wsanjwQUwnLfBlxZRdRQ
VE0000051,C00000997,CL0000877,2020-08-11,15:39:42,JyasMhKexBhSEdEZkFoz
VE0000052,C00000242,CL0000636,2020-09-13,23:30:01,ZWzQYaRUPNEDmauxOmeG
VE0000053,C00000505,CL0000424,2020-07-16,21:52:14,DGSbmUvAyjCkOHCgMVdl
VE0000054,C00000149,CL0000490,2020-05-07,22:11:09,YOlvuSETpUMpjljADRzL
VE0000055,C00000329,CL0000877,2020-08-03,05:47:01,TYvQBAYfVSxPbkaQcREU
VE0000056,C00000419,CL0000882,2020-02-02,13:10:09,iPlkUSuQKUJCWFLkPWcB
VE0000057,C00000724,CL0000670,2020-04-03,07:03:44,SLcZZEqOOMHRMSgOVoqy
VE0000058,C00000639,CL0000463,2021-02-26,09:39:04,cvbXOHNKBJVglplcxBPq
VE0000059,C00000282,CL0000668,2020-11-23,17:14:30,DXQoBOKOjpOmWewkUjqs
VE0000060,C00000229,CL0000953,2020-01-09,23:16:01,azPvzfuqrqUGmjBjrivd
VE0000061,C00000792,CL0000546,2020-11-11,15:40:57,gIvATipPMnmNNIdFauUX
VE0000062,C00000644,CL0000391,2020-09-11,22:00:49,KLEclhaSWiKKxDkZTjIA
VE0000063,C00000739,CL0000970,2020-12-13,19:20:23,GQmNtxIgSBmcEoUsFhbf
VE0000064,C00000441,CL0000001,2020-05-12,05:53:48,RvOBuQuoYbRDeosXkuNS
VE0000065,C00000456,CL0000585,2020-02-17,18:35:15,NqlRFLRyfWhcXkmcNrwS
VE0000066,C00000092,CL0000613,2020-02-21,21:02:45,hwfykgSCnBUKfvFsxryN
VE0000067,C00000108,CL0000802,2020-01-15,20:43:46,otfKByTHbkzPFHtvDjdB
VE0000068,C00000089,CL0000471,2021-01-21,12:34:33,jIWDGeUsXGZpeZYIjuWz
VE0000069,C00000701,CL0000900,2020-03-03,01:00:01,zTENMfnyKSoXjARocBFI
VE0000070,C00000284,CL0000371,2020-08-09,19:42:43,lwKWMZmeCltDYamEgxHT
VE0000071,C00000062,CL0000054,2020-12-09,03:33:46,WRiTdXajbqycuDqPZDrh
VE0000072,C00000730,CL0000196,2020-05-06,11:44:52,NoxULKdKUQjZqbVNSZJY
VE0000073,C00000252,CL0000716,2021-01-20,20:11:50,yBSUZLRyXiNfdDIvmauX
VE0000074,C00000896,CL0000467,2020-07-19,10:15:51,qdlFsMrjljWhqeKEIGOT
VE0000075,C00000719,CL0000121,2021-01-29,13:42:02,WxLxvIFgqRRiiEMSOSQU
VE0000076,C00000026,CL0000537,2020-12-04,11:38:41,OJAJyWDkoIExwLDqViwP
VE0000077,C00000237,CL0000469,2020-02-10,19:08:07,RmgOEkhhjfABRtvlBVUi
VE0000078,C00000520,CL0000215,2020-02-18,18:19:19,vFPfNeTRMwRcLJcLCwvT
VE0000079,C00000837,CL0000201,2020-06-21,21:41:44,dlpLSXagQZdBmGkBufpv
VE0000080,C00000931,CL0000524,2020-06-15,06:55:43,hLMXVhMyhMJVAOodPsfO
VE0000081,C00000872,CL0000832,2020-03-23,06:51:05,boULWeqRxdfbJEjInJiD
VE0000082,C00000126,CL0000216,2020-07-14,15:22:35,eStnrgxcOzjWvMTcmOpe
VE0000083,C00000280,CL0000176,2020-04-08,20:13:15,PghKkFNOTGIrDIiYdMjk
VE0000084,C00000055,CL0000942,2020-08-13,18:30:58,GPBStBxVYqzuOtPoPiAD
VE0000085,C00000686,CL0000661,2020-08-08,01:20:18,qnhRjuIjdYXqsSHZFhzb
VE0000086,C00000210,CL0000160,2020-04-30,11:31:05,MOfXBIhDcAiaAMXDHFaO
VE0000087,C00000159,CL0000443,2020-10-27,06:14:18,QWBOFXmJLabwNJSbNdGo
VE0000088,C00000616,CL0000737,2020-08-15,09:56:27,dkOKLAzqWRvHRHNhEMMD
VE0000089,C00000021,CL0000614,2020-06-16,20:00:52,hJDnYxTZFFjqobICvWOw
VE0000090,C00000558,CL0000021,2020-11-17,00:18:22,UAPJNHBZnTFFZAhPGPHi
VE0000091,C00000951,CL0000910,2020-02-11,10:35:23,NejgxoYJJFdBhDSZjmpy
VE0000092,C00000741,CL0000712,2020-03-18,03:18:09,uwyljXRLLMLaXKHtXsXI
VE0000093,C00000784,CL0000521,2020-07-03,15:18:30,zcXvYIQoOwXidkbHYADx
VE0000094,C00000952,CL0000597,2020-12-23,11:43:15,VpczzZqfxZVEnZfnIPgR
VE0000095,C00000841,CL0000264,2021-02-15,18:36:10,BWgsRwaWKlOGXDUzOKif
VE0000096,C00000662,CL0000740,2020-10-04,07:14:50,wwOfZvvzWaQkwBspDoyJ
VE0000097,C00000997,CL0001000,2020-12-21,22:36:54,MCfOUoZhWWNZhMGKqMFs
VE0000098,C00000570,CL0000089,2020-03-17,00:09:38,dFocmzPuEYwmWzhZZprv
VE0000099,C00000650,CL0000408,2020-01-20,07:10:16,jhGcmIhRFxRyVaMcBISM
VE0000100,C00000165,CL0000718,2021-02-16,04:11:46,vDOzAdQKytYJYRLyluTj
VE0000101,C00000381,CL0000198,2020-03-13,18:37:31,XWbewqUcVEtxcNJWZSKZ
VE0000102,C00000788,CL0000054,2020-06-25,18:25:41,DhgbavggoyubmJoEiAlJ
VE0000103,C00000335,CL0000293,2020-12-03,09:46:14,hGsJlbBYrPPCmRsNptcR
VE0000104,C00000673,CL0000827,2020-07-08,04:35:56,ogfbbUjauNfXeuWVQaGl
VE0000105,C00000896,CL0000361,2020-11-28,10:01:56,XrPvUpOkplTbkHJsEsnw
VE0000106,C00000821,CL0000986,2020-04-13,18:54:05,SWIjYCEmkgRihdacbRhp
VE0000107,C00000145,CL0000658,2020-09-28,15:05:21,UuBmbZfqyuSWdTegYyyX
VE0000108,C00000048,CL0000182,2020-03-28,23:54:04,FQdkCwmWNZLtTKcsogFz
VE0000109,C00000321,CL0000948,2020-08-07,03:45:08,eqIcNDTduvstRFvtbkJx
VE0000110,C00000644,CL0000469,2020-07-23,18:27:18,vdWopJbIZjGgCVRkbjYq
VE0000111,C00000966,CL0000660,2020-07-22,12:47:42,weGYLWvtmfYZXmiUQcog
VE0000112,C00000632,CL0000781,2021-02-10,21:44:05,RJzpZHhGkGKnlKXWgPbs
VE0000113,C00000934,CL0000061,2021-02-20,12:41:21,RYWvmNsPXjMUHmmDDtNp
VE0000114,C00000728,CL0000757,2020-08-22,03:38:30,IMPVOlTTRjeXDhAEDMzh
VE0000115,C00000431,CL0000374,2020-03-03,16:13:08,LAGIafGZOryyztWJtozK
VE0000116,C00000018,CL0000151,2020-07-19,14:13:34,tfuSPpoTBhllKxOtPIhG
VE0000117,C00000732,CL0000459,2020-10-16,20:27:52,WVYMSZEEltqtbyickrBf
VE0000118,C00000303,CL0000544,2020-08-28,04:25:24,bDekdanBdKaWikIvowLs
VE0000119,C00000212,CL0000387,2020-04-06,04:19:51,FCvzDCvvzffKoBfntVue
VE0000120,C00000564,CL0000898,2021-01-01,03:01:04,HpbZklgmqwfNBZHdJQGc
VE0000121,C00000938,CL0000622,2020-03-20,22:39:48,yapUtRQtBNWtgMgIQNUS
VE0000122,C00000914,CL0000688,2020-05-09,06:26:09,eyNhNGDhICZCmaNlVJHW
VE0000123,C00000621,CL0000163,2020-12-20,15:04:35,sUbRdtATgTJgkvczfnPm
VE0000124,C00000148,CL0000495,2020-12-07,11:34:56,KuEYptFocaRNZbEkNKtt
VE0000125,C00000382,CL0000439,2020-02-17,16:40:17,BFfmFoFPVqWfexKVizhq
VE0000126,C00000638,CL0000388,2020-02-04,07:30:44,VzGYrMBliEeBKEozlFHD
VE0000127,C00000368,CL0000236,2020-05-26,02:28:56,zwEzWRSYzBhoEHGOUugL
VE0000128,C00000667,CL0000817,2021-02-21,20:05:07,hMAKxUZJPONSpZpipmVj
VE0000129,C00000099,CL0000873,2020-07-19,10:56:03,mSvFuNiXxaChBttGPFAV
VE0000130,C00000670,CL0000269,2020-02-16,01:15:26,IjvmOuGxXmpeEgKeEgyp
VE0000131,C00000499,CL0000619,2021-02-08,06:18:21,wxdiTXujlkqDQjeWXCwF
VE0000132,C00000084,CL0000910,2021-02-14,08:19:36,JheLhyxzSNVqhaoKwNLf
VE0000133,C00000205,CL0000127,2020-07-02,16:14:00,iDwgpRTvGHzhOdSkbJoL
VE0000134,C00000425,CL0000815,2020-08-12,17:04:48,PtjVjMlOpwhkvLzmqQWO
VE0000135,C00000693,CL0000656,2020-10-19,03:11:48,GFcyvHmViXSjKQJargxG
VE0000136,C00000055,CL0000340,2021-02-11,02:30:41,OOjRhfVUaipNZhGYoNsW
VE0000137,C00000326,CL0000699,2020-05-10,22:16:49,ZESKdQSLjMbDDytmvewF
VE0000138,C00000336,CL0000111,2020-08-21,13:22:16,DODAUhvebQjNDYlYgtLT
VE0000139,C00000257,CL0000832,2020-05-20,11:13:19,vDfgTKIKcLqHYyFNyGXw
VE0000140,C00000113,CL0000586,2020-03-31,13:17:08,vxWpHSiLquJsWzRGZItk
VE0000141,C00000969,CL0000167,2020-10-08,23:44:42,sVTzDuOtrfPTXOqQSGbj
VE0000142,C00000058,CL0000575,2020-11-18,10:22:15,KsrJMOjssQZFNSTcBhLs
VE0000143,C00000900,CL0000300,2020-01-29,01:05:45,NSWPlZlClCxsFzcCfxwg
VE0000144,C00000512,CL0000348,2021-02-03,07:24:10,oBRBTgdVDvjTVqEIzbXS
VE0000145,C00000456,CL0000899,2020-12-26,09:54:11,SzipkEHobEBptwzTerjT
VE0000146,C00000034,CL0000525,2021-02-25,11:31:13,hxuaoQwLoJHnjzfSopcb
VE0000147,C00000920,CL0000530,2020-06-26,18:25:25,iEhVYrlonskvMCGKKJMh
VE0000148,C00000543,CL0000230,2021-02-26,04:19:12,zfdfiKagAbLuiuFeWGiu
VE0000149,C00000307,CL0000453,2020-10-08,15:28:16,gibrRnKoUfJNTRyKoXfl
VE0000150,C00000427,CL0000577,2020-04-29,03:01:19,xXYJUrBBjqDLlpmYIIeW
VE0000151,C00000834,CL0000453,2020-12-23,09:14:19,nEAzOyMlAzivhjWGZsRb
VE0000152,C00000604,CL0000997,2020-06-08,05:39:54,EwYwEUngZabTYtrAUyxJ
VE0000153,C00000167,CL0000194,2021-01-26,05:51:23,OSZgvquEEBkkVTKuQJUJ
VE0000154,C00000166,CL0000521,2020-10-25,15:55:54,BIbbwgEjKVGPtgVxcPkL
VE0000155,C00000725,CL0000863,2020-11-30,02:46:26,CvJMoSbTnAiKMGDqpqFO
VE0000156,C00000366,CL0000216,2020-10-27,07:23:26,mnjptzrThPGleojiApUP
VE0000157,C00000079,CL0000056,2020-10-15,16:28:06,UmRgnFtSGuDKmQcTLXZB
VE0000158,C00000678,CL0000295,2020-12-02,12:26:01,TYGquRmvBximjjXHqsGB
VE0000159,C00000234,CL0000413,2020-08-25,18:59:10,JgpALHnjvhxANjIsGhBS
VE0000160,C00000394,CL0000537,2020-10-12,23:48:33,CXndpCZsIuCUYWRacvAh
VE0000161,C00000805,CL0000503,2021-01-16,18:46:15,IojdtlDVsWppJElBtsFj
VE0000162,C00000592,CL0000682,2020-08-25,20:03:03,mCukepNbLZUjvocANEwf
VE0000163,C00000726,CL0000538,2020-11-03,07:33:52,EPQpvDCrfwrpMXAEDsnd
VE0000164,C00000371,CL0000099,2020-10-22,06:26:39,mRDRSNcdSSTqojOfFuAn
VE0000165,C00000334,CL0000680,2020-09-15,14:17:23,IozFvJNEIfZvDYKVCTLi
VE0000166,C00000029,CL0000806,2020-09-22,02:05:04,fCGBTFjNPbZbWvYrhISf
VE0000167,C00000187,CL0000718,2020-06-20,15:27:16,uGATuDFXvxcwlAjKwdjc
VE0000168,C00000509,CL0000291,2020-06-12,00:22:42,bfOEkHszLASgpKOpDysU
VE0000169,C00000374,CL0000692,2020-08-15,09:44:40,GiuzksihvZMYQcaOQvZm
VE0000170,C00000960,CL0000674,2020-06-13,07:43:42,VwUoBOihkSwVlanScmGb
VE0000171,C00000829,CL0000237,2020-08-24,10:56:18,gAcnqUAviGziFZEnOsEL
VE0000172,C00000745,CL0000255,2021-01-24,02:15:53,IrfcCpbnULOGzCdKNSWY
VE0000173,C00000873,CL0000241,2020-04-01,14:37:43,ZckZUjtyvLbelqfqYntk
VE0000174,C00000715,CL0000999,2020-12-18,15:51:24,muPhNWdaChOFIsECwEjI
VE0000175,C00000444,CL0000653,2020-08-03,03:47:42,EGMZkEQpKmdsOQnjhZTH
VE0000176,C00000670,CL0000233,2020-12-14,13:10:09,pAwhxnBRsFExvbCnZSBE
VE0000177,C00000603,CL0000501,2020-08-29,20:39:38,rzJxUIPqTESROxYUMxMn
VE0000178,C00000027,CL0000080,2020-09-22,07:51:13,AEFMKYrpsrRqMercsJEV
VE0000179,C00000873,CL0000435,2020-05-29,04:04:58,CYtZOdCGDTzXuIijDWvS
VE0000180,C00000443,CL0000256,2020-11-15,19:05:05,auCVaHQFcMyASdAqvGek
VE0000181,C00000855,CL0000025,2020-11-08,08:07:20,mrqxCNhescXyqrUxoten
VE0000182,C00000734,CL0000509,2021-02-14,07:11:54,ZiASfJhGHGNPmSGUHlCo
VE0000183,C00000653,CL0000384,2021-02-04,09:21:11,pRcpfEUCMzZVCybIkPzf
VE0000184,C00000808,CL0000123,2020-09-23,07:31:58,nXsRCqkbtleyxDMTwVIj
VE0000185,C00000526,CL0000966,2021-02-09,07:15:11,zRQdIzVgxijVNfwzBkDU
VE0000186,C00000222,CL0000373,2020-01-14,12:03:07,VzNhwfTCDRtluSzaJjGL
VE0000187,C00000961,CL0000541,2020-07-06,09:33:46,cdrdTGlQdYeJGQcmeMTB
VE0000188,C00000726,CL0000394,2021-02-11,07:43:56,BIdwVNvXiaiDCpdclTcL
VE0000189,C00000387,CL0000297,2020-08-01,10:06:09,krjeVHMSHbxripHrgGfp
VE0000190,C00000271,CL0000097,2020-02-18,16:45:20,IfIxpSsSgWnEXHByArch
VE0000191,C00000884,CL0000787,2020-06-19,04:25:08,XWwdwPgPbqwyUWHdrkGq
VE0000192,C00000527,CL0000569,2021-01-19,22:34:20,gBkzAhTLqQVOwaGDwOPl
VE0000193,C00000268,CL0000639,2020-07-18,19:22:10,FqJFGnTyDvpMoYEyYogH
VE0000194,C00000850,CL0000700,2020-03-03,21:39:53,amLwEPrvyYrGLVDiSmNS
VE0000195,C00000034,CL0000782,2020-06-28,16:24:21,LzyHpHoyaRroOukBXhvj
VE0000196,C00000853,CL0000700,2020-06-13,10:49:53,dpIWGFaYyHnAsTqgaNwb
VE0000197,C00000122,CL0000855,2021-01-03,03:16:03,vpqInmllWwGyvxBUbleR
VE0000198,C00000291,CL0000877,2020-08-22,09:21:57,dwKNdBtWTHjPHhYcGDwl
VE0000199,C00000472,CL0000743,2020-10-13,03:56:17,PplOvLPjGqRpxnDpPlDK
VE0000200,C00000468,CL0000774,2020-10-23,07:33:58,XLTzAflRrLBlYKCSesvb
VE0000201,C00000489,CL0000452,2020-12-26,00:55:51,ssqliidqytAeqfxMOOBt
VE0000202,C00000907,CL0000486,2021-01-08,10:34:11,sdxjYCUQBouQNiwjRRrA
VE0000203,C00000405,CL0000317,2021-01-04,01:45:47,SfLgCnPJfMGuvkGaQBDW
VE0000204,C00000090,CL0000120,2020-06-02,18:20:32,MWnTKtgCfzaiyqjrwuHx
VE0000205,C00000293,CL0000574,2020-03-15,05:15:18,QwvIKxISKarItnIBMOwh
VE0000206,C00000247,CL0000227,2020-04-10,11:07:36,GCSOPzuIGrObORmurjES
VE0000207,C00000861,CL0000668,2020-12-14,22:43:00,fSYaSyMnROGEGHGzappA
VE0000208,C00000068,CL0000489,2020-04-26,08:01:10,pJtFHwCNSMRGFLKKIEtm
VE0000209,C00000036,CL0000002,2020-11-23,19:02:40,WciUArdHZszSggLHstoO
VE0000210,C00000511,CL0000373,2020-07-01,02:59:21,ZYWGFpOYrgCLCMRxIllc
VE0000211,C00000353,CL0000474,2021-01-30,23:19:49,rerEQmLAlDlCcgAOnYzl
VE0000212,C00000611,CL0000070,2020-02-28,15:23:24,jRusGPEVlGyvNLTieIEm
VE0000213,C00000740,CL0000666,2020-08-15,13:33:20,DeCdcUQkqIiWlmGcchEl
VE0000214,C00000542,CL0000856,2020-05-04,01:07:05,ACrfyDoKyZMNOitYHZMe
VE0000215,C00000203,CL0000298,2020-03-09,00:54:18,DunUDJMbEOpaTqvSEWNt
VE0000216,C00000129,CL0000540,2020-11-06,04:38:02,LaSGxUVrojATDoecIEGo
VE0000217,C00000816,CL0000305,2020-07-08,19:43:18,vnXpUwXXmwNatzatCiBd
VE0000218,C00000685,CL0000195,2020-04-21,17:26:38,WkZBrSJKxidGjZAhJNpA
VE0000219,C00000350,CL0000199,2020-06-08,07:28:17,SXoQQvtdYzGMiNPHVcEg
VE0000220,C00000506,CL0000292,2020-05-29,05:52:56,XHkFKKjGkzYKHOJiUzOs
VE0000221,C00000205,CL0000319,2020-06-25,23:14:23,xMtLjHxsWcWVhIAgrzyw
VE0000222,C00000646,CL0000611,2021-02-20,18:31:16,lZVTNVTYbkcvfLnMbwVW
VE0000223,C00000736,CL0000701,2020-11-26,16:17:57,uAXcYawAHAKeSwGAaGdR
VE0000224,C00000159,CL0000674,2021-02-18,10:44:52,rRZIuvLXeTfwqZEVcWek
VE0000225,C00000537,CL0000273,2020-04-24,06:46:34,ylxhOdeMreioFeCAVZXB
VE0000226,C00000927,CL0000225,2020-04-20,07:01:23,WmFtmVmEHbureDPGhpCX
VE0000227,C00000457,CL0000181,2020-12-26,15:13:07,NUTDXCpOOuxYeiGAuuFZ
VE0000228,C00000841,CL0000429,2021-02-07,01:34:40,FnIACEzaGDVtZlWgkceU
VE0000229,C00000562,CL0000905,2020-05-30,03:19:39,UhTIUaIEPfVUFrksZvBx
VE0000230,C00000973,CL0000885,2020-10-10,05:58:18,nEYUmFyIGQuHZLQHOIPt
VE0000231,C00000898,CL0000231,2020-08-17,22:20:41,vIqdaqxGiNcgeBxCtojw
VE0000232,C00000509,CL0000585,2020-02-25,20:11:00,vHlhxBPEGzeNvxnaOovq
VE0000233,C00000140,CL0000051,2020-02-18,20:42:02,uDfkHEUzccbnLTvPNZeI
VE0000234,C00000905,CL0000018,2020-12-29,15:14:56,PSxoQsObJVxMcqkqheoX
VE0000235,C00000017,CL0000777,2020-06-28,16:24:34,yjKBeIqCHZpgvvYWPxyl
VE0000236,C00000213,CL0000077,2020-02-21,06:31:19,eJnMXPoVANWPndAGoCij
VE0000237,C00000008,CL0000793,2020-07-02,05:46:53,PkaMusRGWnXqqbTfWKoK
VE0000238,C00000285,CL0000015,2021-01-28,16:09:37,jgJVspPICmmOCEvHRToV
VE0000239,C00000101,CL0000730,2020-10-18,03:50:10,ZhhgXJLyHzZQfouFLHmq
VE0000240,C00000557,CL0000951,2020-01-24,18:18:51,vkcqudHRZafuPtnMnrCU
VE0000241,C00000615,CL0000125,2020-03-29,05:22:42,VGLqOCQRIjqWgBLAphTw
VE0000242,C00000355,CL0000684,2020-07-22,22:23:52,NPlLOFUhaoXWyKotioQH
VE0000243,C00000727,CL0000771,2020-08-25,03:39:40,xDEIXPbXXKvHuHILHaMH
VE0000244,C00000343,CL0000980,2021-01-25,20:43:44,GhPeCKhttUCsDvVKnaSP
VE0000245,C00000815,CL0000926,2020-04-17,21:59:16,TLRqrERRbSVuiLVQHKRD
VE0000246,C00000119,CL0000316,2020-06-26,04:37:32,UGClItTOtENNNGFeXLwz
VE0000247,C00000207,CL0000210,2020-02-12,22:55:56,RDOZVyapcrYHSLhlrmWG
VE0000248,C00000931,CL0000022,2021-01-18,14:57:57,wAVzgPzePhdJaROGwUDi
VE0000249,C00000280,CL0000428,2020-07-07,23:22:41,IBrYWjzksuXBcAiDdrmQ
VE0000250,C00000242,CL0000637,2020-02-18,06:06:34,fIQbJLdAKtLNxRtnnnkw
VE0000251,C00000549,CL0000772,2020-12-31,20:39:53,KUgEGKPcgbgTbityGvMB
VE0000252,C00000993,CL0000168,2020-10-08,00:54:33,xjOQZvVEgcZquJWSbWBS
VE0000253,C00000417,CL0000353,2020-03-15,04:00:57,UOBxeVPpMqleXGDwOnTq
VE0000254,C00000983,CL0000783,2021-02-20,22:03:57,aiORkrRIJPvFFPYJPPuc
VE0000255,C00000598,CL0000554,2020-09-06,14:42:35,BVXGNYWeCxaicwxqZOyE
VE0000256,C00000765,CL0000330,2020-08-15,09:38:58,IuOgeFTaXSMRMThSIZKq
VE0000257,C00000018,CL0000882,2020-08-28,06:36:40,TCLdvbcBHAvlfcmvkgLm
VE0000258,C00000537,CL0000471,2020-08-20,19:18:13,kRZVIllHIYFjjZabHDfj
VE0000259,C00000545,CL0000664,2020-11-19,05:34:03,FWxAgwGFxZRrVpvYnPYo
VE0000260,C00000515,CL0000081,2020-05-09,06:53:02,HGiUxQhREloPvDNxIcas
VE0000261,C00000001,CL0000337,2020-01-06,22:54:23,vdZqOfQKJEIQWEcebZno
VE0000262,C00000264,CL0000051,2020-01-10,15:19:35,HEwVZFXphXNrGHHrpRJE
VE0000263,C00000811,CL0000893,2020-09-24,03:02:41,UPeunLUgoMyVqLuCTGbP
VE0000264,C00000446,CL0000059,2020-06-25,06:15:26,ZGCqepvoIHMyacxWqEOo
VE0000265,C00000107,CL0000185,2020-09-28,08:00:56,dKSKrrKCQrDJPwDtedBW
VE0000266,C00000208,CL0000878,2020-09-16,03:47:36,yuEUBpOzNFIggPvNOsfh
VE0000267,C00000248,CL0000385,2020-09-03,13:45:06,fQJdVuYgCLrNYJeQQwKt
VE0000268,C00000977,CL0000382,2020-09-19,05:10:35,hXCBwLxdzAxvnMQnKsbi
VE0000269,C00000627,CL0000073,2020-04-13,00:24:30,LQFnwcrqIAdRBkfMKAsh
VE0000270,C00000613,CL0000449,2020-06-23,02:00:31,WNyylOvgPPjixAMLcyWd
VE0000271,C00000834,CL0000555,2021-01-21,13:46:00,BGRZeOLvedFAYeHLHYZz
VE0000272,C00000390,CL0000521,2021-01-15,22:38:52,QLxXKvxZCDXoQNkBwwfU
VE0000273,C00000731,CL0000270,2021-01-23,10:57:23,SjaqlBZQcACagfAbVEiy
VE0000274,C00000053,CL0000365,2020-01-30,06:19:30,cBAeHUSMFpVspOTgstQM
VE0000275,C00000045,CL0000476,2020-02-06,16:08:16,NnOhrwtbijHxFndnnlmU
VE0000276,C00000851,CL0000151,2020-05-14,00:56:12,WKsXCSMFbJzusdTpUHEl
VE0000277,C00000226,CL0000227,2020-07-03,02:56:27,LIVjuALGuydSGKqdGwoF
VE0000278,C00000919,CL0000931,2020-05-02,10:42:36,uOJcaZpBUauDTHkFovay
VE0000279,C00000631,CL0000931,2020-02-01,18:05:53,tKfEezdlTVWqqhyHgKeB
VE0000280,C00000889,CL0000825,2020-03-14,18:17:43,oOtjtDjndZAYPLxbVOlO
VE0000281,C00000530,CL0000958,2021-01-09,13:22:40,LKQozEKaUGwdLBzrTeQM
VE0000282,C00000700,CL0000954,2021-02-02,03:24:16,RAThrkhvtoNIZywhfudO
VE0000283,C00000649,CL0000915,2020-12-17,20:28:08,drTQYKYmukIUJqJPCwec
VE0000284,C00000452,CL0000623,2020-05-07,10:27:42,WpgWiexKfHhGWybZBYuR
VE0000285,C00000819,CL0000503,2020-04-10,18:19:03,HVikrGkugywxqBtiSFhs
VE0000286,C00000768,CL0000340,2020-04-14,16:46:16,JWkuvjVhDirtUVhSmsSz
VE0000287,C00000222,CL0000612,2020-05-05,17:45:09,gegCETSGnsxyYiMJOQcQ
VE0000288,C00000323,CL0000665,2020-05-23,09:10:59,GOBnvNrqbNLejbzMHhQG
VE0000289,C00000661,CL0000692,2020-07-27,18:01:31,QqoELZGGNVAvbYqkJrIk
VE0000290,C00000514,CL0000161,2020-02-17,10:12:07,HLwFBjazKSrdSdozWrMT
VE0000291,C00000228,CL0000907,2020-07-01,05:56:21,mJdElvuXtAyulMWOlVrm
VE0000292,C00000281,CL0000450,2020-05-25,15:38:19,qWkQDqKHIwBrAHzlXQfU
VE0000293,C00000249,CL0000178,2020-01-26,03:48:50,ICOegsbGaSDEXFujPQnI
VE0000294,C00000689,CL0000091,2020-07-31,17:07:07,zygVSOGKGIzVfhwEybkD
VE0000295,C00000256,CL0000518,2020-04-20,02:53:30,wPlzupJQXoFIUZspEXkV
VE0000296,C00000988,CL0000752,2020-12-28,05:38:50,BSfDxqWoDYPspvbSIMFZ
VE0000297,C00000837,CL0000983,2020-01-21,11:35:09,PAiOjVvRiSVlLEJbcJoU
VE0000298,C00000771,CL0000909,2020-08-30,04:02:33,xWhQQOANexqIkUNaNeUG
VE0000299,C00000555,CL0000159,2020-04-27,22:16:22,klopkQmlNnJzazlkuPWX
VE0000300,C00000102,CL0000664,2021-01-23,18:57:56,rdSwTGtbawUzBHruKdms
VE0000301,C00000181,CL0000304,2020-04-27,02:03:27,lUsIHUcEXRPkKkuYcWcp
VE0000302,C00000972,CL0000564,2020-10-24,11:28:22,YsczZOYoZgUayPFMWLbw
VE0000303,C00000223,CL0000483,2020-07-28,13:22:11,RWjiqmbJksEGpjjXWqID
VE0000304,C00000712,CL0000879,2020-03-19,17:23:19,PpsilOYwParPrkPIcseK
VE0000305,C00000430,CL0000480,2021-01-08,09:36:30,EecEbOotStyuneHXaGPc
VE0000306,C00000369,CL0000396,2021-01-06,10:34:37,OlrTtVDaWPCiUoQHYDVC
VE0000307,C00000793,CL0000694,2020-12-27,05:55:22,XYWfGqRQVHEfQHVEenlM
VE0000308,C00000141,CL0000144,2020-12-26,04:29:46,jgJtsJJBcxHHuLwVRxYA
VE0000309,C00000922,CL0000337,2020-02-08,07:07:34,rDdhsjtfOSOeNhFsvKlx
VE0000310,C00000611,CL0000033,2020-09-29,13:18:48,tqTKorqwhyOXdYicoLSF
VE0000311,C00000744,CL0000146,2020-02-01,04:18:18,vOKfDakbJTpGIGmrqIJA
VE0000312,C00000785,CL0000443,2020-08-02,22:37:09,VLAHuxAvZHlzvgePotda
VE0000313,C00000783,CL0000176,2021-02-26,12:45:06,nHAiLnVShGPQLsFudKuf
VE0000314,C00000779,CL0000557,2020-08-04,20:23:53,kZjJtZsujenXLNYCjnNt
VE0000315,C00000714,CL0000754,2020-07-18,05:21:25,bwiEeKLfjADrjmtYrDmb
VE0000316,C00000644,CL0000909,2020-04-25,07:37:13,zeUjsDfgYKhgEnCVRWIg
VE0000317,C00000445,CL0000492,2020-03-10,16:22:17,hFejwcFluDJawcFPyMEB
VE0000318,C00000327,CL0000200,2020-08-19,05:44:54,inDkUEDEwOyOrycwUfKK
VE0000319,C00000790,CL0000072,2021-02-19,09:07:09,fFVcGDfouudWQiqyTGXa
VE0000320,C00000492,CL0000155,2020-02-08,13:10:38,RFoPZSYCMSSplOAenIaZ
VE0000321,C00000738,CL0000274,2020-02-26,11:45:06,NEzXEuSVpZVjexzdlPuo
VE0000322,C00000098,CL0000536,2020-12-04,09:57:02,cFKygNfHSBGpzBJBWHFI
VE0000323,C00000176,CL0000917,2020-09-23,07:24:00,FvplkhkypAQbkNeyjndY
VE0000324,C00000036,CL0000845,2020-04-20,06:16:35,CJJslJRYrpvtOhlfKMyB
VE0000325,C00000977,CL0000129,2020-01-17,04:44:18,VSfErLWwxIFKwtnDkHPs
VE0000326,C00000177,CL0000138,2020-07-09,17:10:51,smvwbNCQhakBVXyoIzJL
VE0000327,C00000116,CL0000704,2020-10-08,02:28:08,iMsPDjemESEJHroHQPqU
VE0000328,C00000741,CL0000894,2020-01-17,08:35:00,WrHtNTKwWGvOVLmXlDUW
VE0000329,C00000310,CL0000906,2020-06-29,20:42:39,DqzkQlnEwVEQMVOCsOIp
VE0000330,C00000374,CL0000184,2020-11-04,08:13:37,GBkybkrFIicnxMNCyDFp
VE0000331,C00000555,CL0000827,2020-11-09,04:43:18,dsFzpSAKRlCvlzfKRwHR
VE0000332,C00000982,CL0000581,2020-05-05,03:23:33,pKunXkzkFVzPkLKTiWtH
VE0000333,C00000328,CL0000888,2020-06-27,20:06:29,usDXHPSUJGJdRsbkzCMg
VE0000334,C00000993,CL0000194,2020-10-01,08:52:22,goOozTlSguRUjExuivKC
VE0000335,C00000371,CL0000470,2020-11-09,00:47:57,rwoQZKdcxWWpeHJupFXc
VE0000336,C00000464,CL0000514,2020-04-26,12:20:31,VoZybwagiQXxWmhmDbFH
VE0000337,C00000703,CL0000567,2020-09-22,22:08:55,SvegLKVQmMJyldZnSXvi
VE0000338,C00000971,CL0000812,2021-02-05,11:13:31,iHgecYulMhCGfJLuhOmH
VE0000339,C00000728,CL0000994,2021-02-16,20:31:47,OdloFZOcaorusqwRPVXE
VE0000340,C00000251,CL0000840,2021-02-07,20:18:24,IAomQMawfQYfKBvfommm
VE0000341,C00000999,CL0000179,2020-07-17,13:26:31,uCGWiuMAcNeThtysRaVH
VE0000342,C00000788,CL0000417,2020-11-07,11:54:54,UeBmUDmuBOHGUJgveYSL
VE0000343,C00000755,CL0000903,2021-02-21,00:11:23,wMzQiYpgpldnaSWoFlLG
VE0000344,C00000255,CL0000067,2020-11-19,16:13:26,ttreMCVMcisfGlrNWmuA
VE0000345,C00000648,CL0000211,2020-06-22,18:57:54,DLsmOGekVYoLDRkEJbys
VE0000346,C00000135,CL0000417,2020-07-07,23:35:22,fMWqFtRXCoppbxRKZcaG
VE0000347,C00000139,CL0000776,2021-01-16,03:57:21,SjfxmxEPNMgxkqPpivJW
VE0000348,C00000331,CL0000701,2021-01-03,16:32:06,cogMLmoerFIHBAgsZSXh
VE0000349,C00000443,CL0000216,2020-06-25,00:24:56,WbLBmBEfXqaTUgHSMFPJ
VE0000350,C00000279,CL0000874,2020-11-01,05:30:27,cFHLoZBMlsDBbJrgwgXj
VE0000351,C00000337,CL0000192,2021-02-16,07:58:37,PsKWIbcSfVSXyfYwjOJb
VE0000352,C00000999,CL0000045,2020-11-02,07:09:57,tbILIfCbokLbRUekqnLV
VE0000353,C00000860,CL0000852,2020-10-10,15:26:48,BwKTbHFzGASemIbMHUST
VE0000354,C00000884,CL0000268,2021-01-30,11:28:02,JdQjayCPwQaNAqoXHwgY
VE0000355,C00000554,CL0000244,2020-08-28,02:43:58,fJiqIphoGkLFAwblmpNY
VE0000356,C00000392,CL0000501,2020-09-10,15:08:14,QdUSvlZuHvEclqKoCgEr
VE0000357,C00000444,CL0000238,2021-01-01,13:02:38,JbjnuDoCwSYnWwCyTOgV
VE0000358,C00000258,CL0000011,2020-04-27,19:44:28,jvzRVzbBogVbWKOZPwjT
VE0000359,C00000185,CL0000614,2020-12-22,10:53:43,kMBqokoswDWlwEVXghUy
VE0000360,C00000676,CL0000992,2020-09-08,02:49:09,vXsWcKDkFmqhtOVComvM
VE0000361,C00000255,CL0000164,2020-02-18,23:24:45,iZKYCSmehSeUyJrdTHnx
VE0000362,C00000278,CL0000835,2020-03-15,11:08:49,CpFhWFjROctyGCNlTyin
VE0000363,C00000386,CL0000852,2020-06-13,01:46:23,hDXqAzTHHgASmZnWvDlQ
VE0000364,C00000936,CL0000174,2020-09-10,19:36:55,wCFYXWRNDFdOGFgPBGdf
VE0000365,C00000659,CL0000608,2020-10-12,21:05:41,QiMFvEptYknHAdePYWty
VE0000366,C00000895,CL0000219,2020-02-14,10:51:50,EMzHsGaogqHkCllmtXHO
VE0000367,C00000208,CL0000361,2020-06-19,02:17:36,LUivfxXbHjiqJNjdILRq
VE0000368,C00000456,CL0000027,2020-12-23,19:14:32,RSpWutNYsuBKuNcjApzk
VE0000369,C00000163,CL0000524,2020-05-11,06:13:18,ZGTrORJvLgUuyvjnAimF
VE0000370,C00000790,CL0000589,2020-08-13,20:40:50,dTYPHFiuCbcLHjIXFCIx
VE0000371,C00000565,CL0000849,2020-02-03,13:46:20,FiepdhxHbizxoCCjXkLX
VE0000372,C00000704,CL0000279,2020-11-13,00:33:28,EwbdRfIBiuwXzJKRQvDf
VE0000373,C00000851,CL0000675,2020-06-29,16:03:29,jLRozDDJBGHLzZnLonEK
VE0000374,C00000554,CL0000098,2020-04-29,04:34:46,sHPWcKoeXBOAsODNYrBH
VE0000375,C00000018,CL0000345,2020-08-05,20:54:29,ZjEvgXFqCWYPJtoVEJSG
VE0000376,C00000648,CL0000837,2020-05-28,14:28:41,ImZFwGAxqrtUZRxFXDkP
VE0000377,C00000477,CL0000235,2020-07-05,20:20:43,hinKfDOHJWjPntKRDuXX
VE0000378,C00000906,CL0000771,2020-11-09,13:00:43,LWOAqmsLiNwagXmzSMPo
VE0000379,C00000126,CL0000250,2020-08-22,06:43:38,XqstXsvNExkJTVNXDHBw
VE0000380,C00000814,CL0000158,2020-04-01,18:11:54,tRJgIZMDBwiNQBbSlFeJ
VE0000381,C00000335,CL0000866,2020-12-09,16:50:40,PKCcZDxzaGnNIcCXDeUQ
VE0000382,C00000263,CL0000269,2020-04-01,04:44:53,OysSvEDwVufIofnRGnqw
VE0000383,C00000509,CL0000866,2020-06-24,12:07:39,cApisNROkCwufLYOXBSa
VE0000384,C00000045,CL0000934,2020-05-10,01:32:04,APWmXrSrGJIHairCiYZu
VE0000385,C00000509,CL0000101,2020-02-24,05:32:36,JsBwLDapUkGVQOwviXSz
VE0000386,C00000267,CL0000499,2020-04-21,18:14:38,etyXJcAGQggYJmMwOjpM
VE0000387,C00000404,CL0000083,2020-12-10,03:49:38,AbReBZJkYIMkFLhzNPIa
VE0000388,C00000008,CL0000066,2020-08-26,15:23:35,XgfwebLVGxRBwzDTTGMf
VE0000389,C00000195,CL0000972,2020-03-15,12:24:07,xVEUnXeqFOejYssiHlSu
VE0000390,C00000791,CL0000863,2021-02-28,06:57:52,sqJBwahKzeBzpVwCTMZU
VE0000391,C00000883,CL0000192,2020-01-17,03:00:38,PtagJNxZvBaXJyqteEFD
VE0000392,C00000273,CL0000801,2020-09-13,10:04:57,NVsOtMgOPJSNqavDscha
VE0000393,C00000820,CL0000171,2020-11-27,22:21:32,uxKwrphYlbQQPIYBdTLx
VE0000394,C00000155,CL0000509,2020-08-30,20:51:47,PMZFByOivOCJbrvIfWmt
VE0000395,C00000102,CL0000855,2020-05-23,19:24:47,tIOaFLsAdlnZJeSLvUbx
VE0000396,C00000199,CL0000451,2020-01-28,09:56:18,bYUOWeBxAKWUmfKzlXAT
VE0000397,C00000503,CL0000139,2020-01-10,18:59:54,VUGyiEzPjNQjKFlLUxER
VE0000398,C00000333,CL0000122,2020-06-22,23:38:12,HVvTEpHuoScgDxTHtGhH
VE0000399,C00000108,CL0000547,2020-01-24,14:32:32,dkFVAMbEyFOSNILTZqAW
VE0000400,C00000775,CL0000795,2020-01-07,05:09:40,JIZbUmHXRqBhuwURfoOB
VE0000401,C00000976,CL0000359,2020-06-28,19:15:47,gZtIBpRhIwRpZamPuBgi
VE0000402,C00000241,CL0000260,2020-02-01,11:13:15,DiZulfPIjFDqNomsmhxa
VE0000403,C00000231,CL0000446,2020-03-30,13:31:32,DFObXnICuZQDMiNTSaaq
VE0000404,C00000075,CL0000556,2020-09-11,02:07:40,myrJrnvWFIiOUfZSvZBi
VE0000405,C00000026,CL0000336,2020-12-31,00:17:07,rhhNlHexbXlVerPXPcxc
VE0000406,C00000608,CL0000946,2020-12-12,11:55:17,sJZedfbeYMXdjcwEStpp
VE0000407,C00000207,CL0000553,2020-04-05,20:54:03,nqRxGAgLVcjFLHJmOGWI
VE0000408,C00000332,CL0000462,2020-09-10,17:20:15,MibfqkmLmNpyDxbglHHt
VE0000409,C00000608,CL0000869,2021-02-12,21:11:38,BArCqgDTHtmUXSLUNnwF
VE0000410,C00000161,CL0000631,2021-02-16,12:39:29,UzIjlcUIZoelzjbuzdBu
VE0000411,C00000216,CL0000535,2020-10-09,16:56:25,gbgGzesCqFcapOAsPCNy
VE0000412,C00000778,CL0000790,2020-10-07,00:58:38,BwONhrClKaImkYjtkHUn
VE0000413,C00000582,CL0000489,2020-11-21,07:33:45,emhEeEvmHcfgZWmBsImJ
VE0000414,C00000797,CL0000273,2020-01-29,00:04:22,WAumKyVfftGUbYEyzgCN
VE0000415,C00000677,CL0000920,2020-10-23,10:13:47,SErDyCPopSpzqDtzyGPZ
VE0000416,C00000630,CL0000015,2020-11-24,18:42:22,iDfCHAbRHREukxyNLLMk
VE0000417,C00000194,CL0000879,2020-06-05,16:11:10,DhEarqyESPNsIBAGwmcq
VE0000418,C00000107,CL0000328,2021-01-01,17:37:40,aHxFNGQVCrNFNviHysWD
VE0000419,C00000085,CL0000939,2021-02-13,09:41:07,TzQOWZizzIwDOiSpNzvx
VE0000420,C00000361,CL0000118,2021-01-18,07:36:10,yjyLdZmUufhQXoAsiXnV
VE0000421,C00000575,CL0000689,2020-04-08,00:24:11,qrbVvikKkFKPiHeHQvda
VE0000422,C00000236,CL0000146,2020-02-16,06:43:54,CovRTgtZXUdJfyKmMfeP
VE0000423,C00000175,CL0000010,2020-10-30,17:18:46,GYNNncCvUqOJEELgrmjs
VE0000424,C00000751,CL0000239,2021-01-08,04:48:51,sQnaioyCMpaOykpuwVzT
VE0000425,C00000786,CL0000020,2020-06-26,01:52:24,GsUfZhgfzZNxvtkEZEfo
VE0000426,C00000472,CL0000588,2021-02-09,01:51:25,XkhppKMYRXVFbdFqKigT
VE0000427,C00000078,CL0000647,2020-04-26,13:40:14,NORznxKDmyBEEJnPEGWS
VE0000428,C00000702,CL0000705,2020-11-06,01:43:40,ptiLAQfErdWIvUwWZeGx
VE0000429,C00000160,CL0000717,2021-01-06,03:54:06,xhXYVzOSqTIMUFzXemuf
VE0000430,C00000083,CL0000231,2020-01-24,08:44:49,cylYByRXpwdiGErwbHEJ
VE0000431,C00000988,CL0000733,2021-01-07,23:16:18,siRLzUulpGWTesDUvEBX
VE0000432,C00000438,CL0000092,2020-09-16,21:00:19,VrYyznuqOOUysUpeYLKn
VE0000433,C00000016,CL0000874,2020-06-22,01:54:54,DeVzfTyCwDkdjQyNtyhy
VE0000434,C00000752,CL0000742,2020-11-17,23:27:09,jCZyiqwdJIxVmBPGfIPx
VE0000435,C00000880,CL0000478,2020-08-13,07:22:09,JWlvKrrHXItdaixbWkMH
VE0000436,C00000545,CL0000805,2021-01-24,12:43:23,cUhoXPdbvsISWkyIKIYc
VE0000437,C00000551,CL0000842,2020-03-23,18:22:58,UggogchXiqwXgGCPIbPL
VE0000438,C00000788,CL0000794,2020-12-14,03:51:00,AdfSooIAAxZWwEuEjKAi
VE0000439,C00000750,CL0000673,2021-01-15,17:32:17,CvTxPVAWoxQxDYAIdamU
VE0000440,C00000665,CL0000535,2020-02-29,00:18:54,zzXUVYdqPdrnsHsCVnOr
VE0000441,C00000314,CL0000393,2020-06-08,07:36:45,JdziKfjlCVNuKdpRBKiV
VE0000442,C00000337,CL0000039,2020-01-29,01:21:28,BZJoawwvrVgAWYxwtdML
VE0000443,C00000905,CL0000737,2020-11-26,21:56:53,hdomimoNdqVuELBMNHEZ
VE0000444,C00000393,CL0000249,2021-01-25,19:56:59,nKNmPrlOtUjqutGeJnRY
VE0000445,C00000532,CL0000298,2021-02-20,14:38:25,nmXyKnxTqrmWslaplIcX
VE0000446,C00000289,CL0000946,2021-01-19,19:05:45,hkkhYFBEljXSvBudjSmg
VE0000447,C00000199,CL0000337,2020-04-01,07:23:49,EmPeOsRKoSLBGfrMHoqb
VE0000448,C00000002,CL0000042,2020-05-23,01:53:15,GdbSpIWhEYLzhodXzpTi
VE0000449,C00000243,CL0000898,2020-03-03,20:42:44,WkxstZvGbcGscRLSAZSr
VE0000450,C00000783,CL0000799,2020-11-08,11:12:16,xfRvZLJcxDABkMlBFcoK
VE0000451,C00000636,CL0000713,2020-10-31,23:29:19,rVpCyovtMqmkhfDiTAUp
VE0000452,C00000849,CL0000086,2020-02-11,04:24:27,hqrreNAsJqHycRXQrmpQ
VE0000453,C00000448,CL0000115,2020-06-19,14:14:13,FhnuvYOUiVtOQIHvfdhh
VE0000454,C00000419,CL0000233,2020-03-11,22:45:33,PJKDhtHalVoZoosOzYzS
VE0000455,C00000845,CL0000410,2020-11-30,01:08:41,qbfZANSdMRvywLuJytaA
VE0000456,C00000648,CL0000775,2021-01-08,14:04:11,MmkGGFHFOABZBMMLcpmo
VE0000457,C00000894,CL0000575,2020-06-06,16:27:53,FclWXBPRzugvNNLFqGzs
VE0000458,C00000481,CL0000512,2020-01-02,18:29:50,uBRMdbukOfENsvvlXeeE
VE0000459,C00000628,CL0000676,2020-08-15,23:40:49,yDSVgJhuyerzmDpVyLmN
VE0000460,C00000937,CL0000679,2020-10-28,13:15:15,zaVOyWmyzljwFazsoMPG
VE0000461,C00000306,CL0000248,2020-07-05,14:01:01,KWNkyzhuVPpTMKZpkxAH
VE0000462,C00000944,CL0000241,2020-02-04,16:02:11,keVfNwFLQKVMZsVPoqtn
VE0000463,C00000100,CL0000188,2021-02-01,04:54:26,HlbooSRffzhkXSqesuWM
VE0000464,C00000933,CL0000664,2021-02-12,00:55:26,PyWEeInlvGeLuBdzGeKx
VE0000465,C00000513,CL0000434,2020-02-06,17:47:08,uwjhCxzfTtKOOpXXczlP
VE0000466,C00000198,CL0000792,2020-03-28,09:36:37,GGKoACihDvjvwWahgMgB
VE0000467,C00000681,CL0000401,2020-12-04,21:42:45,FsArlwHpdlhgRjzWkKpo
VE0000468,C00000290,CL0000305,2020-07-26,04:14:19,tyEDgvrDopDIngPRiWWC
VE0000469,C00000486,CL0000381,2020-07-29,14:16:27,ZbRXTRxxqGyQiDaFLEhe
VE0000470,C00000700,CL0000876,2020-08-11,06:04:59,kuMpjZjcKaLqJSjsdQes
VE0000471,C00000477,CL0000257,2020-05-29,06:13:46,FPKkwewBEOXSjZbteLOg
VE0000472,C00000228,CL0000732,2020-03-28,07:46:00,FldETCvHYeCMJutnlVpu
VE0000473,C00000777,CL0000218,2020-11-10,13:07:55,WbkmewZbkraLOHtKHLsA
VE0000474,C00000856,CL0000245,2020-07-13,22:49:46,wxxIJrjdrFxnBhKVeuLw
VE0000475,C00000840,CL0000100,2020-07-12,03:16:05,JXNcQTNNgSHgMTXgXeZf
VE0000476,C00000049,CL0000287,2021-01-12,18:26:49,fQyiawfjrbTtEScYtnCb
VE0000477,C00000631,CL0000580,2021-02-20,05:55:55,XTwWwYszsIEKcFoYITdL
VE0000478,C00000803,CL0000759,2020-07-06,15:31:38,idsxeaMxGuivcabFsJtG
VE0000479,C00000834,CL0000763,2020-07-28,04:59:58,TsalUYYdCuuMVjQOohSg
VE0000480,C00000973,CL0000729,2020-07-23,20:38:44,SdbrDbtfslSPTSgdfKlp
VE0000481,C00000407,CL0000874,2021-02-20,23:36:18,rkZjFqOCJuWmUrkzJYHs
VE0000482,C00000442,CL0000189,2020-01-14,20:02:14,CpFgdGZyiUSpONoUFick
VE0000483,C00000278,CL0000316,2020-08-16,09:42:58,nlAkWorkTZnGXNCDqcIZ
VE0000484,C00000748,CL0000686,2020-11-18,10:32:33,qCllqDOieCaIrbxBdGHH
VE0000485,C00000249,CL0000332,2020-10-13,09:09:36,dEwqxWCxVfnaslrMljDs
VE0000486,C00000757,CL0000153,2020-12-27,17:30:00,icaIMrFtWvwhkIfowjHt
VE0000487,C00000435,CL0000232,2020-05-20,21:16:45,AbwOurzMokMtMrOISoOe
VE0000488,C00000997,CL0000089,2020-12-05,16:28:25,vXOCUWEfbrgBPispIMCl
VE0000489,C00000812,CL0000240,2020-12-02,07:49:12,gHhYBiMoSWyOTKNVByDo
VE0000490,C00000513,CL0000506,2020-07-08,16:55:48,NePCAeGcYIhMfXMYRYet
VE0000491,C00000356,CL0000558,2020-03-18,02:34:06,MilYfKDCMRqLqmExJpkl
VE0000492,C00000009,CL0000448,2020-09-29,21:03:10,YyRqNxzTPSivbKncuoMu
VE0000493,C00000493,CL0000716,2020-08-26,00:42:09,drzgmIFxiICjuinzvoTV
VE0000494,C00000620,CL0000817,2020-05-22,10:51:01,jlpeqYbShBQZrZGeZgDr
VE0000495,C00000138,CL0000652,2021-02-17,12:50:51,qUbWiBjjGYWohLQYecwh
VE0000496,C00000759,CL0000663,2020-08-23,14:14:49,DVgGRauGiGFFJuIzOoxA
VE0000497,C00000608,CL0000356,2021-02-26,21:41:02,IqdzFKNMBzfJXuINpBbr
VE0000498,C00000461,CL0000192,2020-05-22,05:27:08,SctmjfsTYUqZuPHASFAb
VE0000499,C00000750,CL0000050,2020-12-11,15:06:10,tIACbXbfmBMWVNuVmmYY
VE0000500,C00000287,CL0000592,2020-05-16,14:25:38,HPxORMGEvqmKRWYxqbtB
VE0000501,C00000681,CL0000906,2020-12-18,08:16:39,hvMHqPPfARQsblgYBhQD
VE0000502,C00000532,CL0000901,2020-02-22,12:48:52,MVEDOfHlZMekMIAyToBT
VE0000503,C00000356,CL0000720,2020-10-20,15:43:15,AsGjEAPaVDaBNXxTVAwA
VE0000504,C00000048,CL0000132,2020-01-14,15:31:11,AJKrxijrySrjsUwnliQt
VE0000505,C00000750,CL0000312,2020-03-15,07:15:26,lVEPOTlHtKyQAYyGfmIr
VE0000506,C00000353,CL0000101,2020-12-14,01:36:44,EyowNKXyKrpWqSfKoSit
VE0000507,C00000625,CL0000871,2020-06-22,23:06:58,vhcCuuFwbAMEuXCYoWmR
VE0000508,C00000702,CL0000198,2020-02-13,09:52:03,XClnnFIQWIGnKRHzatii
VE0000509,C00000707,CL0000410,2020-05-31,14:45:48,LaPIPplhsuEjMaVXpDOV
VE0000510,C00000547,CL0000098,2020-12-31,02:07:30,feTTshCsQFUAdgwhdFjO
VE0000511,C00000318,CL0000573,2021-02-19,06:30:20,WzNZFRmkadMFgqtEtLNK
VE0000512,C00000236,CL0000809,2020-04-05,16:31:36,xlUwNeTvCBNZoYnlIPst
VE0000513,C00000036,CL0000657,2020-04-04,22:28:05,nnpKCKGhICDdHlhrYRWs
VE0000514,C00000711,CL0000107,2021-01-07,06:13:21,LXsOQrgykUEWMCBPaebF
VE0000515,C00000293,CL0000727,2020-06-21,20:01:44,DGcjyuuLnQVSYLfYyTpz
VE0000516,C00000137,CL0000531,2020-11-19,16:11:35,PjEVdgwLgKEQmxuSKyAV
VE0000517,C00000022,CL0000469,2020-07-29,18:25:06,YAoWoIOzjKkCYdosZEFq
VE0000518,C00000526,CL0000848,2020-04-15,22:05:51,WRnsnfMyCSjyatEEJbWs
VE0000519,C00000616,CL0000667,2020-04-03,11:04:50,NDqTuggOjFYTFZkenvGE
VE0000520,C00000362,CL0000254,2020-09-12,03:07:18,HpwINFJPGDxoopWEdKcT
VE0000521,C00000485,CL0000862,2020-11-08,22:42:12,vzWvsImZJyTKZwRnXDVQ
VE0000522,C00000714,CL0000245,2020-10-10,17:03:47,NlnjGoOAxnWPLeRsCsnn
VE0000523,C00000210,CL0000252,2021-02-24,16:25:24,dBGMUOoPhjKkrJqRVGRy
VE0000524,C00000259,CL0000193,2020-05-24,19:41:12,NrfkSkTzAMnpdQzDiKDP
VE0000525,C00000985,CL0000892,2020-06-13,13:44:55,isIUYyivpITFZoUxZSOK
VE0000526,C00000828,CL0000493,2020-05-02,20:03:35,niNeBcjJUFQrPqSchOFt
VE0000527,C00000127,CL0000219,2020-09-16,03:15:51,mHGMOoufpYqpFYzYfQsA
VE0000528,C00000111,CL0000503,2020-08-20,03:38:49,palYtTJuqHWXOZbSRegG
VE0000529,C00000735,CL0000066,2020-06-25,07:02:14,bohNICHhralBEtASoWmr
VE0000530,C00000105,CL0000625,2020-05-19,02:24:57,jMXytRLEUpilYBccGpcI
VE0000531,C00000529,CL0000512,2020-10-02,18:58:59,nBjQneJePoofWGYjUyFJ
VE0000532,C00000402,CL0000301,2020-08-07,04:12:41,UPTquAmFKlEIeVCXPhmS
VE0000533,C00000626,CL0000338,2021-02-23,06:22:47,msBaJnJYsqueGnjktmum
VE0000534,C00000648,CL0000143,2020-05-02,13:07:29,DZJVEZuoLucFXTOsXqYO
VE0000535,C00000502,CL0000666,2020-08-24,21:40:23,oqsfmAXuUKiSYIZFSCtA
VE0000536,C00000249,CL0000062,2021-01-30,20:40:36,RiWtoXBHznlOzzoEKeZK
VE0000537,C00000110,CL0000758,2020-04-07,13:37:09,TKslsEbaORDWTkmMOMjo
VE0000538,C00000109,CL0000502,2020-02-23,05:19:54,HLGXQttSXZDUOXNJjhCq
VE0000539,C00000597,CL0000966,2021-01-10,19:51:26,fzTFZbCkNLhxVMwZcAMM
VE0000540,C00000933,CL0000525,2020-08-29,09:29:17,cNAMeMNnSSPNmGmPTPIt
VE0000541,C00000005,CL0000897,2020-04-09,00:39:54,qgXFwFoTbOYewGkWdHfa
VE0000542,C00000746,CL0000590,2020-02-23,22:09:00,RIMztQJDdVAAwKgRtoVl
VE0000543,C00000342,CL0000756,2020-12-23,04:34:45,CNOxVhmFUOEKNWTuVyNd
VE0000544,C00000374,CL0000915,2020-06-17,23:34:15,BmZjFioSeipynZajaDiy
VE0000545,C00000765,CL0000565,2021-02-24,21:55:11,KruRvbFrQgujjXHjxokt
VE0000546,C00000153,CL0000469,2020-08-04,20:51:31,DQQAMOdktmnjhYtDMSRX
VE0000547,C00000802,CL0000185,2020-09-20,12:27:40,nBloAvCfAQYSaKOgDSJm
VE0000548,C00000618,CL0000971,2021-01-09,16:15:19,gdYJTSktXrXFHkFuOjZI
VE0000549,C00000840,CL0000797,2020-03-19,13:04:21,AlUkrVSkvdMFgAtUObFd
VE0000550,C00000699,CL0000256,2020-03-31,17:02:51,LDPJuIvENcZOUNQMBirD
VE0000551,C00000591,CL0000899,2020-08-29,01:50:41,aLdEPUBcSmOuLRhOaTgK
VE0000552,C00000111,CL0000482,2021-01-27,04:15:05,kqFMRZDxtMLqKrKeGkiT
VE0000553,C00000259,CL0000127,2020-04-03,03:33:45,oQLkplOwPNMnxoPYpjhv
VE0000554,C00000366,CL0000188,2020-07-23,12:41:44,EXXWrIKOMQcgrxDMVLDu
VE0000555,C00000772,CL0000312,2020-11-13,19:09:16,VWvoahIRlsgOyaWUVlRF
VE0000556,C00000373,CL0000172,2020-01-25,10:56:49,bDjnNQaYBbrtgbdgPTBa
VE0000557,C00000757,CL0000073,2020-05-27,05:52:10,EyWgVruhDqlhQtxvtBHz
VE0000558,C00000764,CL0000076,2020-07-16,11:00:15,PTnWhxsTbcYWILSuzitD
VE0000559,C00000395,CL0000424,2020-09-12,12:49:18,VULXiVkduFhOnTCOzJDn
VE0000560,C00000754,CL0000062,2020-07-01,08:04:01,JHtMsoqxHMREygGmtmkL
VE0000561,C00000280,CL0000782,2020-01-24,09:18:15,BqkCPcIORfiAoSjyHMAH
VE0000562,C00000172,CL0000930,2020-12-27,13:26:22,rwJDbpoBPzrYTNLKGlcR
VE0000563,C00000886,CL0000151,2020-09-27,09:49:06,lFMkgmMzJBkTELHkTQbz
VE0000564,C00000597,CL0000351,2020-11-22,00:22:47,KneXgtgBEdluAeHHQbNm
VE0000565,C00000668,CL0000548,2021-02-14,18:45:38,kSepYFzHlwIVZiOdZowl
VE0000566,C00000344,CL0000690,2020-08-11,23:38:29,DhrVHiUfMpPrWUgKYdgl
VE0000567,C00000267,CL0000147,2020-12-10,20:08:03,nnqGfSGdEfimnqsdNuIL
VE0000568,C00000774,CL0000525,2020-02-04,19:45:46,DUQEMQaxWFRoJVrjZQci
VE0000569,C00000236,CL0000240,2020-05-11,21:32:14,qWERbaEPFMCSQDCniIvU
VE0000570,C00000617,CL0000944,2020-11-29,11:44:43,sXGmJsWyXafBbLzjLkqH
VE0000571,C00000758,CL0000741,2020-05-30,19:48:13,HMOOIShrRDSTgapYunqY
VE0000572,C00000643,CL0000043,2020-07-11,10:34:31,InZgfPkUuaaCkJhnwGTr
VE0000573,C00000152,CL0000656,2020-06-30,05:12:14,ikpFWptDFVCXhURzaAtQ
VE0000574,C00000992,CL0000915,2020-07-29,01:19:12,xOAaowDoWbQjqGNQeZvv
VE0000575,C00000538,CL0000645,2020-10-19,17:34:21,BhSZDhsZvQsThULLGSGF
VE0000576,C00000778,CL0000025,2020-03-19,10:17:18,iUdfARjMSNQutdFinTYi
VE0000577,C00000233,CL0000117,2020-01-16,06:53:44,IBGHRpomXDVoQBzPkonl
VE0000578,C00000648,CL0000252,2020-05-21,15:37:14,FBXFOiIZzvWBxZnTQXEv
VE0000579,C00000350,CL0000037,2020-02-25,15:25:32,SrnHvFkXjcLeezDtGmYl
VE0000580,C00000518,CL0000874,2020-11-03,22:59:46,tIvWQKmpZBxAUsTNplZs
VE0000581,C00000350,CL0000728,2020-01-03,10:38:11,DgLpXgtLjyJlIgKCTOkL
VE0000582,C00000212,CL0000504,2020-11-19,10:28:26,OuNZzdbyFlcszcdPPoQS
VE0000583,C00000304,CL0000677,2020-11-28,04:48:47,KsccxyinmVlCYNzDHwdB
VE0000584,C00000557,CL0000026,2020-07-04,12:48:03,GwXIStlFVlsZiEhgPCkp
VE0000585,C00000950,CL0000991,2020-11-19,00:39:42,YrhUlKHWaCZdTBWfPSFB
VE0000586,C00000590,CL0000775,2020-12-22,15:51:43,DoUyilcwfHiWoWfqTRPw
VE0000587,C00000462,CL0000625,2020-03-31,09:17:52,NyfoebLVfQvCcCyfOXFt
VE0000588,C00000763,CL0000618,2020-07-20,19:08:43,YwMotOtZIdcwkBiESnwz
VE0000589,C00000973,CL0000140,2020-02-01,07:19:34,HWGEMMoUcHaeBkYcQGwt
VE0000590,C00000877,CL0000269,2020-05-30,15:34:46,yNIPIOtKuQuLWdsZzmMF
VE0000591,C00000539,CL0000594,2020-12-17,07:38:01,boaciDvfTtLWwVinrGHJ
VE0000592,C00000378,CL0000183,2020-05-31,18:57:03,klkLIEIlMnXmCXGDTlFT
VE0000593,C00000644,CL0000747,2020-07-23,00:20:19,WfZdKWQFsOVXOBLYVFJr
VE0000594,C00000130,CL0000945,2020-03-05,18:37:18,UzRxkOAdoYNmGptnAkzX
VE0000595,C00000293,CL0000060,2020-03-30,16:19:26,ayJSNPdcOXMTftxyKVGK
VE0000596,C00000451,CL0000589,2020-02-13,11:46:52,zWlKJYxZHwhHUiKEWeTR
VE0000597,C00000538,CL0000937,2020-07-01,07:55:36,tmytYKdChGrfeqfxBlxh
VE0000598,C00000648,CL0000367,2020-02-19,18:22:29,BPeHPptDlJzrPTkEwTXH
VE0000599,C00000208,CL0000549,2021-02-06,09:43:40,AuhHIOFgmdRKGMksMWAD
VE0000600,C00000183,CL0000509,2020-02-27,23:58:11,nOeojevrOxZSGhdHBriK
VE0000601,C00000215,CL0000197,2020-12-11,20:02:22,ridiZDfoaGYpYxrAFarg
VE0000602,C00000060,CL0000940,2020-06-09,04:39:24,NqiqaLLryIfnzNLUDcQl
VE0000603,C00000581,CL0000062,2020-09-11,14:41:25,SpYwpZfYpbEuiQsLPmsM
VE0000604,C00000687,CL0000094,2021-02-27,02:48:06,GiDwIuyAQVLxnQwyrqXO
VE0000605,C00000059,CL0000170,2020-08-04,09:23:50,hIBVVzpUtdootSPNsQYn
VE0000606,C00000744,CL0000742,2020-04-07,22:45:15,iYGknFkEPvOGZfMIXGzq
VE0000607,C00000140,CL0000098,2020-05-30,17:42:31,xdSdecMKDIXinydstDOI
VE0000608,C00000691,CL0000155,2020-07-06,19:10:00,JQcJkapfBioEoSdmWvPl
VE0000609,C00000908,CL0000016,2020-12-10,19:38:53,FTlJGPNZvYJGDdBCGycJ
VE0000610,C00000105,CL0000988,2020-08-20,09:30:16,PthHIAOrNxvDzUGcickB
VE0000611,C00000885,CL0000956,2020-04-18,07:28:08,qAQLGUyOhKwWmNzYxVlJ
VE0000612,C00000525,CL0000014,2020-07-05,21:55:58,CXMmogOIGLYvyfuWiQsL
VE0000613,C00000740,CL0000542,2021-02-25,17:37:17,rXrRFRmaUjDLzYqOchnb
VE0000614,C00000844,CL0000332,2020-03-07,10:16:19,SFINlwpcljHLDDjqbArf
VE0000615,C00000161,CL0000084,2021-01-15,08:56:05,bJkHmGYEeizVQHZpXIJQ
VE0000616,C00000148,CL0000215,2020-04-08,23:54:52,edWRgnyfvGHaaBLjHZnl
VE0000617,C00000566,CL0000116,2020-12-24,10:15:28,vVOWNVjcxuWikNJaxCwX
VE0000618,C00000605,CL0000418,2020-07-13,10:18:13,kCVQtLFKQJfowpyfwVzi
VE0000619,C00000626,CL0000576,2020-10-29,11:09:30,CNDkknxkXoQIurqGOWLe
VE0000620,C00000877,CL0000996,2020-01-29,22:42:31,AZiKfHuMwdXxLjdBuOJo
VE0000621,C00000093,CL0000041,2020-01-26,05:46:30,ACdkZoQunInYLnjGKAFU
VE0000622,C00000882,CL0000064,2020-06-06,14:16:13,tEAgwLrZbAjHGHSYLUga
VE0000623,C00000540,CL0000208,2020-04-06,10:38:41,YHIHESaJAmotMoFaYLRy
VE0000624,C00000623,CL0000068,2020-09-22,03:43:28,nwMfbGsctcKsshwlQMly
VE0000625,C00000113,CL0000586,2021-02-05,06:58:02,sVYNQZQoslTdZdZbQRnI
VE0000626,C00000324,CL0000512,2020-09-22,12:28:36,SwdDjnmuSRJuTbGRIZAU
VE0000627,C00000744,CL0000858,2021-01-12,15:46:31,PHKsokXzjmklmmlPsDXU
VE0000628,C00000094,CL0000963,2020-12-25,13:04:54,WLmWalLMhmvLwxyysrVx
VE0000629,C00000379,CL0000219,2020-06-08,00:07:01,KJfXnTNrGMOtOyvOSqab
VE0000630,C00000659,CL0000024,2020-12-04,06:37:54,kuCcEsqHUlBtGUrGEmyo
VE0000631,C00000631,CL0000890,2020-10-11,06:43:17,ZFAHMtSuvHPWTWCotKRN
VE0000632,C00000824,CL0000029,2020-06-29,08:02:09,srqdigXanuBJxGCudFCg
VE0000633,C00000894,CL0000172,2020-07-09,23:21:00,TqejvIMorBLyfugEzpaO
VE0000634,C00000494,CL0000082,2020-03-17,07:47:56,TkViaaetgUVuPUbApzXH
VE0000635,C00000634,CL0000407,2021-01-30,05:19:41,XoTokNWufPkPSlgBUVxn
VE0000636,C00000325,CL0000076,2020-08-25,04:47:53,OHDzZyrMdCkBsuuQyuIj
VE0000637,C00000334,CL0000769,2020-09-02,10:55:58,tsfIIJXgKAfivEyRDCdz
VE0000638,C00000439,CL0000387,2020-11-26,18:24:37,UWOTFKEtCsVZPdmQKBsT
VE0000639,C00000686,CL0000916,2020-01-07,12:25:07,lIOQtmOsCerNNttNjPiz
VE0000640,C00000656,CL0000624,2020-07-23,14:42:17,PHuUzlBTGqlbkmhDYSwo
VE0000641,C00000523,CL0000476,2021-01-24,04:53:21,gATvvoHzbzcBPaezkgBe
VE0000642,C00000974,CL0000069,2020-09-13,19:12:29,XDvCtGgMZfcZQvFRvSkn
VE0000643,C00000076,CL0000535,2020-10-27,03:27:50,EDvYZSjloUwbJmeKtLnF
VE0000644,C00000536,CL0000531,2020-02-15,14:38:12,FtcQBnjvSZfLHHIeARAJ
VE0000645,C00000996,CL0000994,2020-08-22,04:12:59,heJYiaMBniLyXccTLqbv
VE0000646,C00000548,CL0000899,2020-03-20,04:38:21,VzsewfsokOqVLKNtJUzJ
VE0000647,C00000250,CL0000550,2020-12-12,05:26:21,gUCysVJjdfIaCEFMpNrt
VE0000648,C00000753,CL0000517,2020-05-19,07:24:05,tQSyghfKmbOUFpoCpkVe
VE0000649,C00000515,CL0000915,2020-07-14,02:34:31,ccFZfbFrufdQSeoajtnL
VE0000650,C00000001,CL0000222,2020-06-04,06:13:29,LugslGDHonnlQmhXbIax
VE0000651,C00000800,CL0000007,2020-02-10,04:47:09,ueNHxuLSELjSpCROdfIj
VE0000652,C00000955,CL0000569,2020-03-20,19:18:16,BeJBUxmHiHeASjWvWDxC
VE0000653,C00000525,CL0000584,2020-09-17,23:23:44,McQOfPWmteQBJgkmQLrq
VE0000654,C00000197,CL0000507,2020-09-16,19:55:52,YaYTbImbJfKZjYHgmWlQ
VE0000655,C00000350,CL0000517,2020-12-28,02:00:45,pThxpbaeHVAugrdTJuNX
VE0000656,C00000268,CL0000222,2020-07-27,16:31:23,iliPLmvishrNPuoQqHdQ
VE0000657,C00000420,CL0000427,2020-11-26,07:56:35,UbaDfIXEAUUfFAazSzLL
VE0000658,C00000757,CL0000600,2020-05-23,01:00:02,IEiqWkZeThNwGqrZRoBS
VE0000659,C00000311,CL0000941,2020-08-14,07:51:01,TCtaXmRyloHCWTrxJjLS
VE0000660,C00000167,CL0000322,2021-02-21,21:45:39,ISFErhhXdqvVUJuzWaHI
VE0000661,C00000131,CL0000838,2021-01-24,06:12:31,QowdVXeSzaMNCiegFBqC
VE0000662,C00000661,CL0000614,2020-10-30,12:52:18,ZsvDSVprqDsORTeQBTHm
VE0000663,C00000410,CL0000428,2020-06-08,12:56:45,iFgRTiZfmAxbZNBPgCVt
VE0000664,C00000055,CL0000709,2020-12-19,03:15:28,PIOidQHBlxtiguwhGPSi
VE0000665,C00000417,CL0000661,2021-02-26,22:11:13,GZonSwAHCUZZyrhOIIic
VE0000666,C00000876,CL0000399,2020-07-03,21:25:54,udFNVMNKTKlZrfKwuuda
VE0000667,C00000171,CL0000489,2020-02-09,07:04:55,sZsspxbyyXfnXgelwWZI
VE0000668,C00000009,CL0000227,2020-07-01,03:59:50,UtVGCGUGxQyiWZZjZRJx
VE0000669,C00000431,CL0000903,2020-10-27,15:12:24,htnplvCSoLZoCkMBjAdA
VE0000670,C00000684,CL0000036,2020-01-14,16:19:32,hyHfgpPeNNMGaHdQvcOT
VE0000671,C00000582,CL0000581,2020-09-09,08:57:04,ftoylFsbmmnlowAHaClT
VE0000672,C00000611,CL0000548,2021-02-11,08:31:08,zNqKLUFPGttQldCwAYqA
VE0000673,C00000593,CL0000322,2020-01-27,20:59:38,lIKISgivzICxKXgxuNQk
VE0000674,C00000072,CL0000089,2020-05-05,14:46:29,heqLIEfyjgmLSJIqFpWw
VE0000675,C00000949,CL0000274,2020-08-18,19:07:57,jlYsouXrtbnDxsTWntRV
VE0000676,C00000281,CL0000381,2020-01-08,04:40:48,zPMEsbgfaUBXopaEXkbC
VE0000677,C00000812,CL0000370,2020-05-30,16:21:51,HUudjUkHVONssAoomjNE
VE0000678,C00000541,CL0000811,2020-05-27,12:35:48,IpCBJKjSZQCaiOoaRLgF
VE0000679,C00000058,CL0000319,2020-09-17,13:48:17,JhZJvCeKimWNDPqDJhDM
VE0000680,C00000123,CL0000509,2020-03-26,05:57:14,KVPnfLnogYKEjeHnDRZS
VE0000681,C00000414,CL0000274,2020-04-12,00:08:54,MfpRleQmiZKvYLBdvYap
VE0000682,C00000155,CL0000414,2020-11-02,06:59:08,ZPLFfzbgOLStdZvUxKXa
VE0000683,C00000297,CL0000413,2020-12-23,11:17:40,xYYzvlWtozPxxMazHqMg
VE0000684,C00000147,CL0000369,2020-07-29,17:46:40,rGqemnZzOIFFiFYwOxPy
VE0000685,C00000857,CL0000271,2020-03-26,22:55:14,HFcOeXpTNMQvKAbiPjxF
VE0000686,C00000946,CL0000388,2020-01-13,09:22:07,nsuXDuoJzLzaUzLAUjcZ
VE0000687,C00000082,CL0000005,2021-02-09,03:08:45,DdhopQiGGgeMrbiAzysy
VE0000688,C00000903,CL0000762,2020-01-19,02:10:25,mTeLDneKlqNRUkupmxEg
VE0000689,C00000556,CL0000734,2020-07-12,04:29:56,ElqUFjjTpeAXcFyxtUfp
VE0000690,C00000592,CL0000026,2020-04-21,02:52:11,gmObIIdSamtmNAFbBwwr
VE0000691,C00000272,CL0000735,2020-01-25,16:06:38,vhIAIaFrDlydOXEuNQZZ
VE0000692,C00000005,CL0000476,2021-01-14,12:32:01,eMjtcooEAzVMKLSsGgsg
VE0000693,C00000950,CL0000248,2020-05-18,01:21:01,vADbgXpROVhHqsjxiJoH
VE0000694,C00000090,CL0000530,2021-01-14,05:37:44,MpQCYIazmwrkEhVrdDQt
VE0000695,C00000264,CL0000454,2020-02-22,00:38:03,EwivwXNqnuMuZyUdwSsm
VE0000696,C00000832,CL0000398,2020-10-18,22:54:20,JgGJLkDfMTleHyBYlYrn
VE0000697,C00000089,CL0000167,2020-06-22,05:49:17,DrCVHMjdWfKNXAISnZXE
VE0000698,C00000141,CL0000023,2020-11-25,13:26:55,mxKINZiFQDUlPEPPuosJ
VE0000699,C00000998,CL0000349,2020-06-21,17:36:41,OHDovxTThmWMCkiqjABm
VE0000700,C00000886,CL0000806,2020-08-29,10:52:39,vEUqCqVlcVaCCHLDXVgj
VE0000701,C00000752,CL0000598,2021-02-15,15:04:10,AyYWtEKDksPstrOHqjEm
VE0000702,C00000712,CL0000013,2021-02-06,05:19:19,CHsoRVybaKgDKNWemCRR
VE0000703,C00000692,CL0000635,2020-11-14,11:48:19,uPNucErRwhgWOiYkvkRl
VE0000704,C00000560,CL0000143,2021-01-27,05:03:34,nqHLXWLyfxczTGKvqLbR
VE0000705,C00000942,CL0000007,2020-01-22,04:54:06,CYgnIJFXWkOeslApOWmw
VE0000706,C00000878,CL0000732,2020-07-23,10:03:09,UAGoBENEFDoHTwVWILRO
VE0000707,C00000893,CL0000509,2020-03-10,12:24:18,VDIxGuoyZjqDkdrpHSsJ
VE0000708,C00000080,CL0000837,2020-02-06,19:21:27,irQFATKPEdoCVjEppCzA
VE0000709,C00000969,CL0000777,2020-02-17,14:50:07,vdcoiHQrJPDqOngftUJs
VE0000710,C00000286,CL0000948,2020-05-18,12:58:54,MPwUTGnnLDoObDdQBZla
VE0000711,C00000300,CL0000379,2021-01-25,15:43:19,uQRvkTGKylIFMerAmgqc
VE0000712,C00000437,CL0000772,2020-10-07,15:50:22,RbYBEJhXZapKXwocdZEB
VE0000713,C00000700,CL0000033,2020-04-27,09:22:52,rEWUDOoYrCQQWjwaiSXT
VE0000714,C00000021,CL0000693,2020-07-14,08:52:48,PwlIJmwzPwgvwNDHVVnL
VE0000715,C00000863,CL0000144,2020-07-12,02:17:57,ZeHaBDuvlmlvDoveBmtt
VE0000716,C00000240,CL0000843,2020-10-21,03:28:37,MgrGVgwPitbGcOiQAMgW
VE0000717,C00000970,CL0000936,2020-10-02,22:51:46,QclIoTLiFfjHRATAwEeB
VE0000718,C00000133,CL0000525,2020-10-14,09:54:58,FyJAnnaOAfbloVxxsgGq
VE0000719,C00000876,CL0000790,2020-03-01,02:05:57,crRgxsIYUgcTfgNnzMse
VE0000720,C00000594,CL0000988,2020-11-24,06:12:13,CMHWQcKGoARGJUJCumkW
VE0000721,C00000492,CL0000244,2021-02-10,19:40:50,EYINERABlanGHyIQwwis
VE0000722,C00000958,CL0000528,2020-01-09,14:15:53,IOIVFwYePNMBYxfBrlFE
VE0000723,C00000933,CL0000782,2021-01-13,21:40:24,WomCySuXXpFKkbvhbSHO
VE0000724,C00000862,CL0000071,2021-01-16,01:35:27,irSRcOfWAJIkjoxgQDdx
VE0000725,C00000800,CL0000987,2021-01-01,23:53:37,KpGWiDHSedTgLyEbLUde
VE0000726,C00000449,CL0000352,2021-02-11,06:21:10,DMBNmCdDTGloEhdBWYJM
VE0000727,C00000622,CL0000420,2020-11-24,14:50:18,XgKhkndAsVRvtyFmPmvq
VE0000728,C00000315,CL0000070,2020-07-04,01:55:41,AtaMMPXNAgrvssMRgSiv
VE0000729,C00000305,CL0000079,2020-02-05,04:13:32,AgMvvmcXbvcfNZjjhaaz
VE0000730,C00000500,CL0000095,2020-06-28,01:17:45,GwdQcRsVpSKsZLNbsmBf
VE0000731,C00000580,CL0000345,2020-02-08,15:11:50,waZsckziXjYdyNWpDnNX
VE0000732,C00000635,CL0000924,2020-01-18,07:36:19,mOpfnBqwpyhlNjUkwzth
VE0000733,C00000941,CL0000327,2020-03-25,00:33:28,jZqKCtYNTzGoArppfjnl
VE0000734,C00000989,CL0000836,2020-03-18,21:25:46,cKIcYMBEkYtnhPyYTajg
VE0000735,C00000614,CL0000537,2021-02-24,06:35:48,etZeWKiYuaTQyhYthdcK
VE0000736,C00000820,CL0000356,2020-09-24,04:17:54,ZQJzWwAlrMlrhlPDnBhS
VE0000737,C00000597,CL0000993,2021-02-20,08:45:27,cSKarKHPQpRPPFfhtcUO
VE0000738,C00000506,CL0000528,2020-06-04,02:14:23,yMmSTsEQcFTRwjjZiyMp
VE0000739,C00000313,CL0000291,2020-03-23,17:43:19,mKBAKbUVAoXhEoyeSZKG
VE0000740,C00000981,CL0000755,2020-10-04,20:04:14,lURjjdsxNARemifoknhn
VE0000741,C00000003,CL0000605,2020-05-26,14:19:31,MEQKQtGrnUQbbcWeZRcq
VE0000742,C00000551,CL0000571,2020-09-15,22:09:25,ljxmwSrTWngVEdgoLHdM
VE0000743,C00000222,CL0000030,2021-02-26,13:04:39,bwAwRBMDYDSDSZTgVFsH
VE0000744,C00000875,CL0000021,2020-04-27,11:14:33,HrEpCkpeXykNCCywQFCU
VE0000745,C00000354,CL0000519,2020-11-24,16:43:09,rILYGMbxBCFKmTKSgVvf
VE0000746,C00000488,CL0000672,2020-09-09,15:38:08,cstFyhzgiNXUBZgxvnVk
VE0000747,C00000931,CL0000061,2020-11-04,03:47:14,ViwqVjwRPbhMwltuXXkp
VE0000748,C00000168,CL0000263,2020-11-12,01:22:04,QbtDgHFTJPMzKOVhHzSR
VE0000749,C00000788,CL0000555,2020-11-22,12:54:42,xEOjtTjKRdLDTfqKccFe
VE0000750,C00000556,CL0000392,2020-10-30,13:05:39,qKcAHgVVcvluUmpIdwOj
VE0000751,C00000124,CL0000500,2020-01-25,10:14:21,vnpYxrbhmDDzGtDyjRfM
VE0000752,C00000691,CL0000025,2020-11-15,03:17:09,NYeSRWdxubWnuGscrMvj
VE0000753,C00000388,CL0000082,2020-12-28,13:14:07,YLIiueqvFFQfGicSxSfW
VE0000754,C00000903,CL0000694,2020-09-11,13:07:00,SrinkzBFJrwgbhaOlgcU
VE0000755,C00000977,CL0000118,2020-10-15,19:22:47,WVLbljBearyeDxlbsIxM
VE0000756,C00000057,CL0000099,2021-01-05,12:15:13,FDkINaUYmugWRUaYZVqs
VE0000757,C00000057,CL0000870,2020-03-08,08:46:42,aKkCFEaoaJORjlVwhuJZ
VE0000758,C00000850,CL0000014,2020-03-08,02:15:28,IRePgcwiUhbDWrYolqaO
VE0000759,C00000345,CL0000581,2020-12-22,17:20:46,gARghdtGEzgihRmKXiCW
VE0000760,C00000931,CL0000337,2020-03-08,21:01:56,YhtKvtVCWSKRviErqQCy
VE0000761,C00000285,CL0000560,2021-01-03,02:10:11,nSeXuvKNIIwVQDIgMUkp
VE0000762,C00000637,CL0000567,2020-02-04,01:01:48,OpnDJcRImNUziKNRtISQ
VE0000763,C00000362,CL0000398,2020-11-09,11:23:28,dHuRwfHnxPGlkKufaQye
VE0000764,C00000993,CL0000339,2020-06-16,22:44:57,FpvGFlJkkNSwyCTIKsJC
VE0000765,C00000993,CL0000198,2020-09-24,00:11:55,uifYhCQmmSsvccdnWoCC
VE0000766,C00000137,CL0000422,2020-04-21,06:13:07,PgwYHlsFOMVmIWfsokFh
VE0000767,C00000700,CL0000161,2021-02-07,23:13:13,pmcitwsOSJBcbKhxJEzy
VE0000768,C00000521,CL0000081,2021-02-05,09:29:34,VgvqopfvxbSZUVNcKsYn
VE0000769,C00000517,CL0000379,2020-09-14,21:23:44,BTIRwyWKgjknskWCRVGu
VE0000770,C00000314,CL0000122,2021-01-10,00:23:03,rGttAFvVDvaNBFaUIpWN
VE0000771,C00000909,CL0000908,2020-01-14,03:11:02,QUwGAaOkbkWUUPObuPwv
VE0000772,C00000664,CL0000769,2020-10-20,19:07:03,STcovKgAquvOgiCOLKZZ
VE0000773,C00000244,CL0000953,2021-01-24,04:13:18,CAjrKtLTizTxYsvbMeXD
VE0000774,C00000105,CL0000607,2020-02-06,03:32:08,KLPRwVFSbGLQAlwcrIAG
VE0000775,C00000965,CL0000967,2020-08-31,18:14:19,FoRgUVMiZmiEgGHJtTtB
VE0000776,C00000774,CL0000890,2020-05-24,04:28:58,WSsepSKizOVpcdIjpFob
VE0000777,C00000250,CL0000763,2020-02-23,12:22:25,FBhIZnYOvgZrLuNBHYkI
VE0000778,C00000324,CL0000641,2020-05-18,20:04:03,UZyKVzvoGNvATTIbSsnL
VE0000779,C00000905,CL0000957,2020-08-13,21:40:12,xqwAmvgUWhHJeLLnxfAz
VE0000780,C00000726,CL0000391,2021-01-05,06:30:53,QhHkOXPphkTJHIJUlaSl
VE0000781,C00000182,CL0000157,2020-12-14,15:56:21,ogvWKFFLuiytxXoUCCRk
VE0000782,C00000876,CL0000996,2021-02-02,05:52:18,paEUicTMvattdCetFXKr
VE0000783,C00000116,CL0000228,2020-03-12,11:31:48,NkQRQOHAZwAcyUkQPNst
VE0000784,C00000672,CL0000924,2020-01-26,12:20:34,fDDitTFAiLhPtlzYdOaJ
VE0000785,C00000259,CL0000609,2020-03-21,14:42:05,ttkfykZvAycZmYVvZiAW
VE0000786,C00000322,CL0000191,2020-02-20,17:13:27,MoSPWeZbEMQqoRbISBAC
VE0000787,C00000362,CL0000795,2021-01-27,21:50:50,dATmTRviSSXWdfszJWyd
VE0000788,C00000775,CL0000267,2020-08-25,09:29:21,ZtJJDsDBbhKnHqNJorEe
VE0000789,C00000357,CL0000120,2020-09-25,22:08:38,GvGhwpgqsyWzjkqVPsGS
VE0000790,C00000819,CL0000871,2020-03-28,21:21:53,UKJWrqGLTDnHnNUWYHwp
VE0000791,C00000315,CL0000587,2021-01-13,00:20:11,kwQdewxvflrcDIKLhIfL
VE0000792,C00000696,CL0000598,2020-10-17,20:07:57,RDRGCTQJFNKyxzgXbhIB
VE0000793,C00000536,CL0000062,2020-07-20,18:56:41,RibVLuICtgdtADCWSgsU
VE0000794,C00000564,CL0000305,2021-01-11,10:20:12,TVKlnsxxTFZrPTZGcBcw
VE0000795,C00000110,CL0000089,2020-04-13,07:21:14,FIGynxoWnDQWZtswbroR
VE0000796,C00000325,CL0000714,2020-06-27,21:30:55,DLaPgtNcpuZLgaDaLSBP
VE0000797,C00000961,CL0000792,2020-01-01,16:44:11,WlhoTwRVWwwjzqqrVZCc
VE0000798,C00000326,CL0000909,2020-01-17,19:33:09,WtHxntYoVtyeeaJCpaxU
VE0000799,C00000948,CL0000650,2020-05-15,10:41:56,KTlWEwxJWIGWobqLydOh
VE0000800,C00000532,CL0000377,2020-02-16,05:17:11,jEISUEsMQDprEDxMRNPi
VE0000801,C00000857,CL0000590,2020-10-22,19:09:32,uMPmBUUzZBCrVigilvKI
VE0000802,C00000039,CL0000891,2020-05-01,09:48:48,CzKAErZHHjCbpWPWTjnc
VE0000803,C00000035,CL0000262,2020-04-23,01:24:56,HDedwjcubmNQnUrdQQpP
VE0000804,C00000701,CL0000789,2020-05-03,16:13:17,NrPwznpFsMzKXdbTTfTp
VE0000805,C00000604,CL0000066,2021-01-29,18:17:42,bvHHzfewgxWNQinUgovG
VE0000806,C00000075,CL0000725,2020-02-04,19:06:27,usLoiXzdjCiYItQoAHdA
VE0000807,C00000014,CL0000457,2020-01-23,09:14:21,UeAmwmIDGsAAPByaoxVc
VE0000808,C00000158,CL0000645,2020-02-18,13:01:47,pdAGTUawalUJTrRrGWkY
VE0000809,C00000122,CL0000738,2021-01-25,20:05:46,OxrDoDGLeCYOQBEmbIsO
VE0000810,C00000716,CL0000119,2020-05-10,22:23:42,RVodRXupUTBkPNrlUQoJ
VE0000811,C00000732,CL0000695,2020-09-16,23:22:37,TuSRpYnSwNQSYDhrrbGZ
VE0000812,C00000595,CL0000157,2020-07-15,04:15:25,DDWNJhdxzTyURoLowXDG
VE0000813,C00000771,CL0000876,2021-01-30,02:23:09,CzdNbPdRPEZaJxAlXDLI
VE0000814,C00000732,CL0000523,2020-07-04,10:01:00,CaefnwtpFBYicaZlTflr
VE0000815,C00000362,CL0000090,2020-10-09,17:15:12,OZhmUiCUzIrQzMSRATjL
VE0000816,C00000776,CL0000811,2020-04-27,09:40:42,ZYwLWfSDuKxenmmeWIhv
VE0000817,C00000286,CL0000727,2020-12-30,09:40:39,YKdQITsfHqJXamasDcDo
VE0000818,C00000165,CL0000123,2020-10-13,01:38:48,zfMLOUTKLlOofQUVMvtF
VE0000819,C00000830,CL0000622,2020-03-27,22:32:22,dFDqicBkVhwVMzLkJOMp
VE0000820,C00000152,CL0000007,2020-04-09,12:10:10,nvwlpmJOjnKMYPgnmCir
VE0000821,C00000746,CL0000006,2020-01-12,06:05:02,AwaiOUsDUjIYnrCKMrCo
VE0000822,C00000879,CL0000211,2020-01-06,20:59:07,DHPwgVSstjuYvzMyyHMu
VE0000823,C00000158,CL0000880,2021-02-05,14:19:43,UkUhNAjKtpFNIVJjLcOC
VE0000824,C00000145,CL0000144,2020-12-04,00:16:37,oNmhlBKwTnhwDRKWjDIW
VE0000825,C00000775,CL0000460,2020-08-21,08:17:26,PHwMruqPvwWkmUgRLWBj
VE0000826,C00000281,CL0000506,2020-01-06,04:54:26,QIdmpcCSGhyUPxDgEBbE
VE0000827,C00000220,CL0000324,2020-11-09,17:57:43,fkCpHjSUEBTaQgvReNPV
VE0000828,C00000792,CL0000186,2020-03-27,22:14:50,EEjOOgSXKqzYXDTyhGJA
VE0000829,C00000952,CL0000550,2020-04-05,23:01:58,uDAXdvtNBiTAKtFDqFtF
VE0000830,C00000685,CL0000497,2020-11-13,13:41:30,aCNeVaaZqRGPwqXIiiXz
VE0000831,C00000539,CL0000692,2020-01-05,14:33:58,QMUKHDOGniwjrZfbKxvO
VE0000832,C00000558,CL0000340,2020-10-23,08:28:59,jEXjbBVQixykxPOduskr
VE0000833,C00000477,CL0000857,2021-01-27,12:38:02,nwMACiofyUKDfvqGzNTh
VE0000834,C00000565,CL0000771,2021-01-17,07:30:53,hBmWVrKmsXXQXeCYGwEH
VE0000835,C00000273,CL0000069,2020-12-16,06:59:21,xuUebzNOFOJaFBOuizsi
VE0000836,C00000379,CL0000109,2020-05-05,00:24:08,uZOTsbhXdCtChJigJFlG
VE0000837,C00000794,CL0000483,2021-02-12,17:02:11,oqCCWBiqllKoQnbJyFLf
VE0000838,C00000001,CL0000805,2020-09-04,20:13:09,apjqvzBoayTQUoldzzPV
VE0000839,C00000813,CL0000109,2020-05-28,02:23:13,LVxPINEDVbGJZEqbODge
VE0000840,C00000244,CL0000135,2021-02-04,08:52:17,ZaTkkDjAOXyyMcmBWCtg
VE0000841,C00000916,CL0000936,2020-01-22,21:26:36,KCFHByqQClxtXERuvVIp
VE0000842,C00000462,CL0000147,2020-05-18,04:23:03,SXIXLaRXSpljAhkQeSht
VE0000843,C00000718,CL0000072,2020-05-05,02:11:30,GoqtDogkFBnmAaDlUzPv
VE0000844,C00000817,CL0000006,2020-02-14,15:29:28,OWGwgEapCpHSeJVDdpxe
VE0000845,C00000337,CL0000412,2020-06-29,02:40:33,vhddbOlZyhIzxJCKDLdf
VE0000846,C00000372,CL0000287,2020-11-26,12:58:20,SspjJhUawxPMuBDjScyr
VE0000847,C00000376,CL0000712,2020-09-04,03:33:42,qGxNijIxsSBvsXZfrqHP
VE0000848,C00000565,CL0000215,2020-09-02,21:42:04,bwQykYgONGWHhdkmlJtR
VE0000849,C00000641,CL0000757,2020-05-01,03:04:40,wVEVhdTGururKsEaAYCS
VE0000850,C00000001,CL0000026,2021-02-19,18:18:43,nWyzGpNiqcCqnQhZcbro
VE0000851,C00000786,CL0000698,2020-08-08,23:15:59,uHBjsfvYEUcCJbzPkXeS
VE0000852,C00000190,CL0000830,2020-06-16,04:58:16,tXNIFuNFXliOQhVjrntL
VE0000853,C00000932,CL0000032,2020-04-03,05:43:44,cipsgUaCHzvJFPZyvLyB
VE0000854,C00000342,CL0000159,2020-07-15,12:17:00,tCucwlmFOvbwAcArLLGn
VE0000855,C00000875,CL0000674,2020-03-07,09:58:32,yRslcYruMEXCAvvjWvqr
VE0000856,C00000192,CL0000311,2020-07-02,16:53:32,txCnomXwKVXuRwugKJfd
VE0000857,C00000757,CL0000498,2020-11-03,04:17:12,HrRAeFODKwIozwzCDxXy
VE0000858,C00000749,CL0000977,2020-03-27,05:54:39,DDxBnDalRrpQRGHDzGUU
VE0000859,C00000076,CL0000618,2021-02-02,22:59:59,ELNnmgNsXIFSiODCSHou
VE0000860,C00000236,CL0000210,2020-09-18,02:22:18,cSmbSrSCXzLSnwRfsedi
VE0000861,C00000317,CL0000130,2020-05-31,12:21:21,kMwgzVzRuvGhWCOxyUST
VE0000862,C00000736,CL0000220,2020-09-15,01:22:32,TbxCBloJYzZeSQQkxAQe
VE0000863,C00000613,CL0000108,2020-12-03,20:57:04,ZEmcTlRNXwfLioEHTxmt
VE0000864,C00000687,CL0000056,2020-10-09,07:17:20,gUQaufFvNfnGdogbUyhM
VE0000865,C00000269,CL0000808,2020-09-07,22:35:49,zTjeBiMCFaQYaHrspmee
VE0000866,C00000124,CL0000217,2020-10-07,16:37:22,hUKkCYJlYORrDlwqftIC
VE0000867,C00000860,CL0000508,2020-01-26,22:06:20,bmniBdPMxJLrciKCtRVZ
VE0000868,C00000483,CL0000583,2020-11-25,06:45:44,JoCfDCBJGtMrWscFiVOh
VE0000869,C00000291,CL0000109,2021-01-08,20:04:53,QbeBQCMsWgSIAOWoMzAL
VE0000870,C00000102,CL0000417,2020-03-22,01:51:43,qkLCSgjvVckXurJxpqdP
VE0000871,C00000472,CL0000026,2020-12-16,02:01:13,bWFCBMmOJfeyjKWKBRuc
VE0000872,C00000563,CL0000790,2020-01-17,04:12:28,hSQgVTHCaJvtOfRGWQek
VE0000873,C00000663,CL0000695,2020-07-07,00:43:50,wAGNuIqvGcpeyzAfIlUM
VE0000874,C00000742,CL0000892,2020-07-19,15:38:33,oIftnbjdwchCJycrxeKO
VE0000875,C00000206,CL0000672,2020-09-18,03:32:58,AtewZJzRyyiuQThrPQAy
VE0000876,C00000584,CL0000850,2020-12-12,04:47:00,KkyUtIilHkrCCsdisloZ
VE0000877,C00000995,CL0000749,2020-08-31,08:55:26,FPTPYRzZPUrFAHlDMqFE
VE0000878,C00000813,CL0000162,2020-12-18,13:42:59,MZMqlfKsGOxONEVhpqkD
VE0000879,C00000565,CL0000714,2021-01-14,02:22:54,lSnoccadbfguTdgHpPeP
VE0000880,C00000368,CL0000606,2020-04-18,06:20:15,ahvRHTjIOjhMTqtXebIr
VE0000881,C00000498,CL0000568,2021-01-15,04:58:16,zXqckXUkzgCKVVBICFjT
VE0000882,C00000989,CL0000200,2020-09-09,02:36:33,IhnazMNzseuwvZEEfnnd
VE0000883,C00000737,CL0000968,2020-12-24,05:36:03,puQoYjsGRhFSQnzsmaOT
VE0000884,C00000712,CL0000717,2020-09-10,11:20:59,oQtjPRsgJwdGJYzFJHao
VE0000885,C00000555,CL0000175,2020-05-05,06:21:49,VQsLMvETzAUggoSJTTLq
VE0000886,C00000645,CL0000750,2020-04-23,00:52:37,UnYIsaBKnaBpAxQgzxtc
VE0000887,C00000056,CL0000434,2020-10-01,02:31:21,JVfnYNmveeMLHFOXBFdN
VE0000888,C00000087,CL0000181,2020-06-08,17:24:54,BKEPBixTzskAlrPUoKOm
VE0000889,C00000466,CL0000870,2020-07-23,00:17:55,bgQNWhtmXdkMRJpoEbzf
VE0000890,C00000681,CL0000332,2020-12-13,18:02:47,EBpGlxwVsrtScqLfbnPa
VE0000891,C00000505,CL0000546,2020-04-06,14:49:21,RlPFnSEGuxniDWMNxxap
VE0000892,C00000207,CL0000408,2020-06-12,03:43:55,fmHsyLTSKwRMucpklEKY
VE0000893,C00000879,CL0000311,2020-05-02,01:56:02,xYacNfWsKMoUvCFjYcEf
VE0000894,C00000745,CL0000277,2020-07-18,14:29:14,ejmNdUuQmNsJLmEvYuip
VE0000895,C00000798,CL0000531,2020-01-21,06:38:10,PKyKEUrkXMIhdsYvAKEG
VE0000896,C00000342,CL0000862,2020-07-25,15:28:43,CyfyFlXvcXfqNZABtDTJ
VE0000897,C00000810,CL0000389,2021-01-01,18:35:18,dzTCOulvYZvJPUyqrjlG
VE0000898,C00000122,CL0000611,2020-08-03,19:37:32,NhQUhyNSVVbdneOnlHDe
VE0000899,C00000015,CL0000154,2020-06-25,11:31:23,dBEBgnUhMbwUNUuTKPaH
VE0000900,C00000498,CL0000142,2020-03-11,03:49:24,wFInokOsGpxWCpgUMnOw
VE0000901,C00000918,CL0000709,2020-12-27,08:08:35,APrYaOQoQYYEcgClgOJW
VE0000902,C00000031,CL0000769,2020-03-22,20:54:44,weaJQzgdtPBLEpoDsYcJ
VE0000903,C00000804,CL0000160,2020-10-10,04:31:45,QVQmPbXzWAkrUsbkHWcK
VE0000904,C00000181,CL0000336,2020-11-24,03:11:44,yIqNtSNgQBvzVvrgfEvl
VE0000905,C00000321,CL0000140,2020-10-15,12:53:08,uPYSSrXzbcwiPcgcoMAg
VE0000906,C00000544,CL0000462,2020-11-28,14:06:23,fyYzspwMKWjpRWnoTdQw
VE0000907,C00000996,CL0000754,2020-05-04,10:36:56,pkFLhAmyQrFklEIfXXaW
VE0000908,C00000911,CL0000294,2021-02-10,07:57:14,TEjVjfFYutIcuKwfDipE
VE0000909,C00000149,CL0000633,2020-09-12,20:38:32,cMJyndbXUxWaOncUgPwN
VE0000910,C00000939,CL0000302,2020-03-26,13:46:19,DhaDOAeQolLGPOogDMQF
VE0000911,C00000563,CL0000739,2020-09-28,08:14:30,GZzRmkNYVRzJGtmiHred
VE0000912,C00000762,CL0000808,2020-04-18,19:26:28,WYlMsdCYSaoyjJgPuiWY
VE0000913,C00000662,CL0000545,2020-05-09,10:29:43,TnSezzXTXBUcsgYlQqfF
VE0000914,C00000573,CL0000341,2020-05-22,23:33:00,NJAbgNkpQjHlHsACwAer
VE0000915,C00000189,CL0000823,2020-09-18,03:07:15,OaPPUaAxuBWdqpwCYGfT
VE0000916,C00000432,CL0000410,2020-06-08,10:37:05,LRGuGGszYkdAtPUpAPeZ
VE0000917,C00000010,CL0000486,2020-12-14,20:39:52,VIcmTexXlrZVzzvCbucN
VE0000918,C00000798,CL0000764,2020-12-13,03:57:55,hUcTpVlqDyKWULfrtUUn
VE0000919,C00000419,CL0000412,2020-03-12,02:13:09,TIMsMoclGwxLyEzToqug
VE0000920,C00000761,CL0000348,2020-11-17,09:38:05,CYDgnFkAmcabAYAtjHWN
VE0000921,C00000271,CL0000028,2020-02-26,08:04:36,HqYjBtzgKNRTaYEDMaIY
VE0000922,C00000199,CL0000912,2020-03-30,21:55:47,BBIAWZlWnNtdSJYwVQmq
VE0000923,C00000896,CL0000060,2020-09-16,13:17:13,JJeEyIctYybNNeAiZhmJ
VE0000924,C00000818,CL0000106,2020-11-23,07:58:46,mZuAaJXuYIstYavzZYow
VE0000925,C00000627,CL0000616,2020-03-12,13:19:37,bTBONTSvjOZQFmvQaeQQ
VE0000926,C00000793,CL0000864,2020-03-04,00:13:52,ahOgTYgQlSEzsgbTLiBD
VE0000927,C00000677,CL0000957,2020-02-28,23:55:46,aXUIPJsFOhSQwjwUEpIi
VE0000928,C00000889,CL0000932,2020-12-08,16:58:16,fvXmBiUHhLkmetZRTvmG
VE0000929,C00000367,CL0000510,2020-12-29,11:26:21,FOcIXmKTqEfWSokXInxQ
VE0000930,C00000808,CL0000855,2020-10-05,18:00:19,JMhVCAPBqYpQEoscorlN
VE0000931,C00000816,CL0000914,2020-07-10,10:18:06,pvwazLwlyrXAoXsGCueH
VE0000932,C00000819,CL0000680,2020-06-21,07:36:38,vYuPcCJfuwnsuhLFhSyU
VE0000933,C00000878,CL0000632,2020-10-20,16:31:39,ntNFQoVxHlmRJHxjVHTR
VE0000934,C00000672,CL0000160,2021-01-01,18:25:50,kICrLqGnlTryJTQSGEiz
VE0000935,C00000891,CL0000571,2021-02-02,00:19:26,WZjOrsjaKGnCuquOoPPF
VE0000936,C00000054,CL0000566,2020-10-25,21:04:35,uArhSTwunKKvFMzPrLBN
VE0000937,C00000473,CL0000176,2020-11-20,10:01:42,HLhsiNGGrjQAUpFCFYAt
VE0000938,C00000546,CL0000424,2021-02-17,15:03:42,QGZEHdlOuOilwDoDjPkB
VE0000939,C00000653,CL0000944,2020-12-11,21:00:03,QEtJNrKJYUwnnCKplpws
VE0000940,C00000184,CL0000482,2020-09-20,14:27:48,iXfDbDeQOLpZvARcvDZZ
VE0000941,C00000001,CL0000489,2020-06-11,09:30:56,KMhUrbBIqnHnttSsngfE
VE0000942,C00000130,CL0000789,2021-01-11,22:05:20,UHphKFIpNdFwXNiNWoHV
VE0000943,C00000814,CL0000534,2021-01-05,22:46:58,kYBSCqHsijQufJkNxVeT
VE0000944,C00000482,CL0000557,2020-10-08,21:11:09,rNgegXUsfxeqypvGLrMR
VE0000945,C00000355,CL0000446,2020-10-16,02:24:29,ejKfJEGrSwSVTABIaoQg
VE0000946,C00000787,CL0000192,2020-09-13,06:35:49,UWGtmvKLhezNFQFXROFV
VE0000947,C00000948,CL0000895,2020-04-08,10:10:52,pWBVRaIprkiZvFHTCFFG
VE0000948,C00000793,CL0000339,2020-11-11,04:05:29,jzgqdoNJSnMmMIqcCyTY
VE0000949,C00000777,CL0000808,2020-12-08,15:52:44,KCPmtjzkCCkbOdsPgCUG
VE0000950,C00000632,CL0000380,2020-03-31,13:19:37,xaIjBCSmMvqHNaDFanfp
VE0000951,C00000295,CL0000870,2020-06-28,17:23:51,xzIdGXqKWimaahuVoemn
VE0000952,C00000844,CL0000827,2020-09-25,14:42:32,DeFcAvSsKVrkhUgSxDeC
VE0000953,C00000404,CL0000511,2020-11-13,04:48:09,DHYCEyarENhMExZOPqLr
VE0000954,C00000834,CL0000343,2020-07-15,02:25:05,BwCvqiOqUTjsYypMYOgz
VE0000955,C00000198,CL0000943,2020-05-25,03:43:59,OkSGYaCpCoOacIUMQZjd
VE0000956,C00000575,CL0000810,2020-08-25,19:44:49,AjIHxoRXTxYlkcbUGBUN
VE0000957,C00000285,CL0000266,2020-10-18,05:10:13,elbJFhqyyMpombPZAWrq
VE0000958,C00000548,CL0000640,2020-11-03,11:08:25,SdUqUWJnCaxzBPHGBgbL
VE0000959,C00000410,CL0000171,2020-09-24,06:49:35,WhFfHAsMfBMiNDjLzHzq
VE0000960,C00000603,CL0000837,2020-06-09,14:29:18,clZJeKCYvBKwagLWDmZX
VE0000961,C00000747,CL0000785,2020-11-15,23:21:08,QflHpDpQqptxFMqyFXzC
VE0000962,C00000215,CL0000828,2020-08-11,08:54:40,mTpaNNfcEDMoDwmeadex
VE0000963,C00000584,CL0000054,2020-03-06,04:19:46,hmokJoilOvzGeAQFFwOn
VE0000964,C00000955,CL0000285,2020-05-10,10:35:32,PCAGVHblZwvwybJVfTAX
VE0000965,C00000678,CL0000659,2020-10-29,21:22:51,KMWGzznYDSVoUIvFUJRv
VE0000966,C00000989,CL0000918,2020-02-23,13:03:22,jcpRfvXWeYXuVazIQByF
VE0000967,C00000149,CL0000953,2020-06-01,20:40:32,jrDfyVcfkEGngFrkPRaL
VE0000968,C00000820,CL0000230,2020-07-20,05:25:30,XJueZdrllgVRixpwKlXi
VE0000969,C00000705,CL0000784,2020-09-21,13:40:00,ketBwrjPrdLMojjzLedf
VE0000970,C00000381,CL0000690,2020-09-02,19:03:24,oNBOaEGtuNDiqrgMXhDp
VE0000971,C00000670,CL0000652,2020-07-10,21:21:20,YJKPweOuqgISkSddsWEf
VE0000972,C00000939,CL0000076,2020-05-05,17:44:05,IGYLdzHkyPACDPcjaHvk
VE0000973,C00000063,CL0000510,2020-04-02,00:48:23,KenDFGcIxRWkfTufKNom
VE0000974,C00000408,CL0000339,2020-10-07,03:27:38,efxwVUunEQYbskwyvDWb
VE0000975,C00000596,CL0000080,2020-11-10,15:20:59,BroBnJjEhfiCiWmUwAdU
VE0000976,C00000771,CL0000714,2020-11-11,03:32:49,zOyZLzYONxxivnPNJkDx
VE0000977,C00000693,CL0000993,2020-10-24,01:18:57,afsGzNQnqcdZbgTHFNQu
VE0000978,C00000314,CL0000805,2020-10-11,15:26:20,nFCicxUOFRSAUqCUNiUb
VE0000979,C00000337,CL0000355,2020-02-07,05:39:48,VBlTNJtbDeeRGKowHBnJ
VE0000980,C00000457,CL0000400,2020-03-03,23:32:31,WonArdhLxBAICnfMNBTZ
VE0000981,C00000693,CL0000181,2020-10-17,00:23:01,hMdENfZZeNeGGVVALpus
VE0000982,C00000741,CL0000296,2020-01-13,04:39:02,KWbiCLkghEbEqSRcHAGV
VE0000983,C00000590,CL0000561,2020-05-31,18:23:50,LHgpEFIRnFemRviYyDWP
VE0000984,C00000274,CL0000850,2020-04-20,10:11:17,OnlfOvEIxppYtRBdikFu
VE0000985,C00000492,CL0000240,2020-01-31,23:26:30,kBblRXoOzotNLgggQgKF
VE0000986,C00000741,CL0000010,2020-08-04,00:14:55,DQuzkaVWfLarBbhMEctp
VE0000987,C00000020,CL0000769,2020-02-06,00:41:55,KLbHYRiGPFmeSbNaCtsF
VE0000988,C00000468,CL0000924,2021-02-07,12:17:07,kjsSiRGUpWtOkIBJaCrR
VE0000989,C00000180,CL0000991,2020-11-25,12:38:10,SlXwBloBQhPtjsQgrZDz
VE0000990,C00000228,CL0000817,2020-01-22,06:13:14,IagVXblLkBLNBRhHepqA
VE0000991,C00000118,CL0000287,2020-02-05,19:32:22,TmyGQJQBUHOYROdkIrxz
VE0000992,C00000595,CL0000554,2020-10-31,00:33:15,rTyAHiTYjDjEvpZbAwtI
VE0000993,C00000542,CL0000511,2020-07-29,13:20:31,MbaLosVGkNrfgeGqSvWG
VE0000994,C00000478,CL0000865,2020-10-30,02:34:18,nNrKAubYiNaBrhtiVXah
VE0000995,C00000130,CL0000174,2020-07-28,10:20:28,xDdVNbOtqdoUDdwXNKJz
VE0000996,C00000405,CL0000284,2020-02-21,01:54:18,rlNbdVapKXqOFlNCvgxJ
VE0000997,C00000963,CL0000590,2020-09-15,08:57:06,sJtznwTqInXrcAjSbPba
VE0000998,C00000909,CL0000463,2020-12-02,10:27:01,axcFJUSkXgEYDoeYJRIj
VE0000999,C00000352,CL0000390,2021-01-01,19:43:17,sNSRDsqzXeaVBaGtxsbx
VE0001000,C00000963,CL0000445,2020-02-25,02:50:14,vFxYRriVMQTzOfclFaEg
